compound_id,smiles,reg_qnt,clf_ex1,clf_ex1_bin,reg_raw
GYDULKFNKUOCND-UHFFFAOYSA-N,FC(F)(F)c1ccc(COc2cncc3nnc(-c4ccc(OCCC5COC5)cc4)n23)o1,0.07953508198261261,0.4252683222293854,0.0,6.600239306216854
MOZKUDJIKFTJCE-UHFFFAOYSA-N,O=C(NC1COC1)c1ccc(-c2nnc3cncc(OCc4ccc(C(F)(F)F)o4)n23)c(F)c1,0.3518988788127899,0.449673593044281,0.0,9.872926040662575
NWTCBDQTVVWXKM-UHFFFAOYSA-N,OCC(CCOc1cncc2nnc(-c3ccc(C(F)(F)c4ccccc4)o3)n12)C(F)(F)F,-0.17578384280204773,0.5776792168617249,1.0,2.782531516781141
ZULAEQKVTNJJOS-UHFFFAOYSA-N,O=C(c1ccc(-c2nnc3cncc(OCc4ccc(C(F)(F)F)o4)n23)c(F)c1)N1CCOC1,0.05868486687541008,0.3998432457447052,0.0,6.054184052402797
KYAPMWWUIYKWLB-UHFFFAOYSA-N,CC(F)(CCOc1cncc2nnc(-c3ccc(F)c(OC(F)F)c3)n12)c1ccco1,-1.0155911445617676,0.6940780282020569,1.0,0.3706399326003873
YVTFHMGSDDPFGO-UHFFFAOYSA-N,FC(F)(F)c1cccc(COc2cncc3nnc(-c4ccc(OCC5CO5)cc4)n23)c1,-0.7012784481048584,0.6447536945343018,1.0,0.6617930417283984
NVFFEUACKTZNND-UHFFFAOYSA-N,CC(CCOc1cncc2nnc(-c3ccc(F)c(CO)c3)n12)Oc1ccc(C(F)(F)F)cc1,-0.6518821716308594,0.6910805702209473,1.0,0.7293655056818682
QDIUTPUVSFAJRA-UHFFFAOYSA-N,FC1(COc2ccc(-c3nnc4cncc(OCc5cccc(C(F)(F)F)c5)n34)cc2)COC1,-0.8733987808227539,0.7464780807495117,1.0,0.4598141025950581
MGEZLKBFAYUIBD-UHFFFAOYSA-N,OCc1cc(-c2nnc3cncc(OCCC(Cc4cccc(F)c4)C(F)(F)F)n23)ccc1F,-0.7465534210205078,0.657032310962677,1.0,0.600289795447021
XHOQJWKNGGLEFT-UHFFFAOYSA-N,CC(C)(CCOc1cncc2nnc(-c3ccc(COC4CCOC4)cc3)n12)C(F)(F)F,0.16866378486156464,0.3411511182785034,0.0,8.7375662463194
YVNMWGVTRMBRSD-UHFFFAOYSA-N,CC(O)(c1ccc(-c2nnc3cncc(OCc4ccc(C(F)(F)F)o4)n23)cc1)c1ccco1,-0.10196922719478607,0.5794454216957092,1.0,3.7488448540973085
KQKDMQBGIXMMJX-UHFFFAOYSA-N,O=C(c1ccc(-c2nnc3cncc(OCc4ccc(C(F)(F)F)cc4)n23)cc1F)N1CCOC1,-0.18482543528079987,0.5289669632911682,1.0,2.661170966553275
NIIFZLXYNNSJQK-UHFFFAOYSA-N,O=C(NC1CC1)c1ccc(-c2nnc3cncc(OCCc4ccccc4C(F)(F)F)n23)c(F)c1,0.055284131318330765,0.5019195079803467,1.0,5.902383305852036
IEZPWDHPDYJNIB-UHFFFAOYSA-N,Cc1csc(N(C)C(=O)c2ccc(-c3nnc4cncc(OCCC(F)(F)F)n34)c(F)c2)c1,0.12089557200670242,0.43556249141693115,0.0,7.973452079806512
KYZKPDJOVOIMMA-UHFFFAOYSA-N,Fc1cc(-c2nnc3cncc(OCc4cccc(C(F)(F)F)c4)n23)ccc1OC1COCOC1,-0.8090592622756958,0.6869230270385742,1.0,0.5290870056705094
GCEZAPNMTUWTDY-UHFFFAOYSA-N,OCc1cc(-c2nnc3cncc(OCCC(F)(F)c4ccc(OC(F)F)cc4)n23)ccc1F,-0.9961036443710327,0.702715277671814,1.0,0.3778144272625231
HJXINGPBGCJNPQ-UHFFFAOYSA-N,OC(c1ccc(-c2nnc3cncc(OCc4ccc(-c5ccco5)o4)n23)cc1)C(F)(F)F,-0.1574733555316925,0.600212812423706,1.0,2.978021098602067
BCXPBMIHCXMMFE-UHFFFAOYSA-N,CC(C)(O)CCOc1cncc2nnc(-c3ccc(OCc4ccccc4C(F)(F)F)cc3)n12,-0.6493712067604065,0.7141342759132385,1.0,0.7319142364854201
PYUPGGZQBQQMOW-UHFFFAOYSA-N,CC(O)(c1ccc(-c2nnc3cncc(OCc4ccc(Cl)s4)n23)cc1)c1ccoc1,-0.22174128890037537,0.5104095935821533,1.0,2.4683913161448308
HJQBIBWIVGMTLD-UHFFFAOYSA-N,FC1CCN(c2ccc(-c3nnc4cncc(OCc5cccc(C(F)(F)F)c5)n34)cc2)C1,-0.12566256523132324,0.5445083975791931,1.0,3.358373050753924
GESRQJZAXLGYQR-UHFFFAOYSA-N,CC(O)(c1ccc(-c2nnc3cncc(OCCC(F)(F)C#Cc4ccccc4)n23)cc1)C1COC1,-0.18215176463127136,0.6511375308036804,1.0,2.7105050457743927
ZERMHPSEZUXNHD-UHFFFAOYSA-N,Cc1cc(-c2nnc3cncc(OCCC(F)(F)C(=O)Nc4cccc(Cl)c4)n23)ccc1F,-0.21077638864517212,0.5801514387130737,1.0,2.5084078032955
VUCRJVWGYUAWGM-UHFFFAOYSA-N,OC(F)(CCOc1cncc2nnc(-c3ccc(F)c(OC(F)F)c3)n12)c1ccc(Cl)s1,-0.7439389824867249,0.6488187909126282,1.0,0.6040752410689595
UUIFHUWCMQHKKW-UHFFFAOYSA-N,CC(F)(F)CCOc1cncc2nnc(-c3ccc(Oc4cccc(CO)c4)cc3)n12,-0.1814166158437729,0.6349296569824219,1.0,2.7240741028565845
LPVKJKBJYQTJKD-UHFFFAOYSA-N,CC(C)(CCOc1cncc2nnc(-c3ccc(F)c(OC4COC4)c3)n12)C(F)(F)F,0.0079213110730052,0.38839179277420044,0.0,5.1420274746341255
SUJCFZOFOJAUOX-UHFFFAOYSA-N,CC(O)(c1ccccc1)c1ccc(-c2nnc3cncc(OCCC(F)(F)F)n23)cc1F,-0.9422985911369324,0.733709990978241,1.0,0.4273605660859228
HDJJSCNCPIJFRV-UHFFFAOYSA-N,OCc1cc(-c2nnc3cncc(OCCC(COc4ccccc4)C(F)(F)F)n23)ccc1Cl,-0.6881585121154785,0.6863116025924683,1.0,0.6844558343400342
MWTSVARJYVBHCO-UHFFFAOYSA-N,O=C(NC1COC1)c1ccc(-c2nnc3cncc(OCCc4ccc(C(F)(F)F)cc4)n23)c(F)c1,0.12755584716796875,0.5250651836395264,1.0,7.999998406408389
ATINFPVFBXWKEG-UHFFFAOYSA-N,CC(C)(O)CCOc1cncc2nnc(-c3ccc(C(F)F)cc3OCc3ccccc3)n12,-0.2732509970664978,0.6859148144721985,1.0,2.019833367182108
IUYOJFXRBKCNJR-UHFFFAOYSA-N,CC(F)(CCOc1cncc2nnc(-c3ccc(OCc4ccncc4)cc3)n12)C(F)(F)F,-0.2942999005317688,0.5954592823982239,1.0,1.9905870748156809
VOJKGBWROZHRTI-UHFFFAOYSA-N,O=C(NCc1cc(-c2nnc3cncc(OCCC(F)(F)F)n23)ccc1Cl)c1ccccc1F,-0.5326951742172241,0.6456127762794495,1.0,1.0309866815852218
SOVXFBAOPFYNTB-UHFFFAOYSA-N,O=C(NCc1ccc(Cl)cc1)c1ccc(-c2nnc3cncc(OCCC(F)(F)F)n23)c(F)c1,-0.4997102618217468,0.6810112595558167,1.0,1.0600179167405477
JSIHIZBKZYUJAP-UHFFFAOYSA-N,N=c1ccc(-c2nnc3cncc(OCc4ccc(C(F)(F)F)cc4)n23)cs1,0.19599443674087524,0.4412055015563965,0.0,9.588716768254953
CIQRRCNDYQFHAR-UHFFFAOYSA-N,CC(CCOc1cncc2nnc(-c3ccc4c(c3)CCC(C)(C)O4)n12)C(F)(F)F,0.14801640808582306,0.3064049780368805,0.0,8.467976080154736
MJUIETXURNOZIG-UHFFFAOYSA-N,Cc1cc(-c2cc(-c3nnc4cncc(OCCC(C)(F)F)n34)no2)ccc1Cl,0.4954080879688263,0.24700239300727844,0.0,9.966196685433122
ANDWTDNRSOANET-UHFFFAOYSA-N,Cc1cc(-c2nnc3cncc(OCCC(C)C(F)(F)F)n23)ccc1OC(F)F,-0.2685282826423645,0.5239357352256775,1.0,2.037632063765307
JWVSTJPPZJOCJO-UHFFFAOYSA-N,COc1cc(-c2nnc3cncc(OCCCO)n23)ccc1-c1ccc(C(F)(F)F)cc1,-0.1404983252286911,0.6695058941841125,1.0,3.0908444492812475
BMKILBFYTGFTQU-UHFFFAOYSA-N,OCc1cc(-c2nnc3cncc(OCCC#Cc4ccc(Cl)cc4)n23)ccc1Cl,-0.27420681715011597,0.592725396156311,1.0,2.0162310367918885
SUVBMTMLOFZUMI-UHFFFAOYSA-N,Cc1cc(C(F)(F)F)ncc1Cc1cncc2nnc(-c3ccc(OC(F)F)cc3)n12,-0.3441457450389862,0.5357444882392883,1.0,1.6747080367922964
QTCAHMRUZMTCLN-UHFFFAOYSA-N,O=C(NC1CC1)c1ccc(-c2nnc3cncc(Cc4cc(F)cc(C(F)(F)F)c4)n23)cc1F,-0.06870268285274506,0.49686911702156067,0.0,4.086882781975548
IOJDFHGSQLNFOY-UHFFFAOYSA-N,FC(F)(F)c1cc(-c2nnc3cncc(OCc4cnc(Cl)cn4)n23)ccc1Cl,-0.4853369891643524,0.4578961133956909,0.0,1.1200815241911504
MBUFXRPOBIEDJI-UHFFFAOYSA-N,O=C(NC1CC1)c1ccc(-c2nnc3cncc(-c4cc(Cl)ccc4OC(F)F)n23)cc1F,-0.01624262146651745,0.5141712427139282,1.0,4.849751102138694
DHSZMNRICAMNSL-UHFFFAOYSA-N,Cc1ccc(-c2cccc(-c3nnc4cncc(COCc5cc(F)cc(F)c5)n34)c2)nn1,0.45864176750183105,0.3227970600128174,0.0,9.9411420726232
QSHJXMOJCLXQGN-UHFFFAOYSA-N,Cc1cccc(-c2cc(-c3nnc4cncc(OCc5ccc(F)c(F)c5F)n34)nn2C)c1,0.6163564324378967,0.2899518609046936,0.0,10.047849140868061
VXGFKKMBYUZSIC-UHFFFAOYSA-N,Cc1cc(-c2cccc(-c3nnc4cncc(OCc5ccc(Cl)c(F)c5)n34)c2)n(C)n1,0.35639628767967224,0.3294696807861328,0.0,9.876263678603692
SNVBTOWNGYNIOW-UHFFFAOYSA-N,Cc1nncc(-c2ccc(F)c(COc3cncc4nnc(-c5ccccc5F)n34)c2)c1C,0.3654686212539673,0.4252725839614868,0.0,9.882933628295717
UYSBOBDIMIRFGS-UHFFFAOYSA-N,CCn1nc(C)cc1-c1cccc(COc2cncc3nnc(-c4ccc(F)cc4F)n23)c1,0.5539265871047974,0.29403215646743774,0.0,10.006396086077636
YPLQADXXBVLCEO-UHFFFAOYSA-N,FC(F)Oc1ccc(-c2nnc3cncc(OCc4ccc(CC(F)(F)F)nc4)n23)cc1,-0.49978333711624146,0.6714748740196228,1.0,1.0600176361207614
VGISLTFLUQDJQX-UHFFFAOYSA-N,Fc1ccc(-c2nnc3cncc(OCc4ccnc(C(F)(F)F)n4)n23)cc1Cl,-0.410264253616333,0.42843130230903625,0.0,1.4230415247044244
XEMFKJLJIWBVSI-UHFFFAOYSA-N,Cc1nnccc1CCOc1cncc2nnc(-c3ccc(OC(F)(F)F)cc3)n12,0.13334672152996063,0.4193394184112549,0.0,8.190051192765337
KKFYKVLEOGMNSC-UHFFFAOYSA-N,O=C(NC1CC1)c1ccc(Cc2cncc3nnc(-c4ccc(C(F)(F)F)cc4)n23)c(F)c1,0.15735802054405212,0.5154284834861755,1.0,8.593103230205243
VOJYLPPQOCJUAZ-UHFFFAOYSA-N,O=C(NC1CC1)c1ccc(-c2cncc3nnc(-c4ccc(F)cc4C(F)(F)F)n23)cc1F,0.14948004484176636,0.5171771049499512,1.0,8.496503764735206
UARDBDRFEBTAAN-UHFFFAOYSA-N,Cc1cc(-c2nnc3cncc(OCc4ccc(F)c(F)c4)n23)ccc1-c1cnn(C)c1,0.33152759075164795,0.32665103673934937,0.0,9.8577587800118
FWLWSWLPIUIPAQ-UHFFFAOYSA-N,Cc1cc(-c2nnc3cncc(COc4ccc(F)cc4F)n23)ccc1-c1cnn(C)c1,0.6151682138442993,0.31010502576828003,0.0,10.047078090784591
SZXCJZIZPJUUFS-UHFFFAOYSA-N,CC(O)(c1ccc(-c2nnc3cncc(OCCC(F)(F)c4ccco4)n23)cc1)C1CC1,-0.4264475405216217,0.6491650938987732,1.0,1.3455452063096947
BGQRSXQQWUNZLH-UHFFFAOYSA-N,OC(O)(c1ccc(-c2nnc3cncc(OCC4(c5ccc(F)c(F)c5)CCC4)n23)o1)C1CC1,0.17961803078651428,0.3122550845146179,0.0,8.8445294387948
RCXYAIKWDDSGCM-UHFFFAOYSA-N,OC(F)(c1ccc(-c2nnc3cncc(OCc4ccccc4C(F)(F)F)n23)o1)C1CC1,-0.1399204581975937,0.5171323418617249,1.0,3.0987175213309595
JNQDFWVNUVSZOP-UHFFFAOYSA-N,CC(O)(c1ccc(-c2nnc3cncc(OCCc4ccc(C(F)(F)F)cc4)n23)o1)C1COC1,0.2919909954071045,0.4667467772960663,0.0,9.828080812999428
QMHOCLYKKOMMLC-UHFFFAOYSA-N,OC(O)(c1ccc(-c2nnc3cncc(OCc4cccc(-c5ccoc5)c4)n23)cc1)C1CC1,0.15926530957221985,0.46687477827072144,0.0,8.597220203286726
ZIEGJPDAGLPWLO-UHFFFAOYSA-N,OC(O)(c1ccc(-c2nnc3cncc(OCc4ccc(-c5ccco5)cc4)n23)cc1)C1CC1,0.2408561259508133,0.47941699624061584,0.0,9.794225094929985
GNUVCSPKXPCUTG-UHFFFAOYSA-N,OC(O)(c1ccc(-c2nnc3cncc(OCc4cccc(-c5ccco5)c4)n23)cc1)C1CC1,0.17311681807041168,0.4208446741104126,0.0,8.758161643512215
DPAHOBLSSCKCNE-UHFFFAOYSA-N,OC(O)(c1ccc(-c2nnc3cncc(OCc4ccc(-c5ccccc5)o4)n23)cc1)C1CC1,0.2478487491607666,0.37913191318511963,0.0,9.798551841649783
SDQDJZSQHVTJQK-UHFFFAOYSA-N,Cc1cocc1COc1cncc2nnc(-c3ccc(-c4cccc(C(O)(F)F)c4)cc3)n12,-0.23345595598220825,0.4976170063018799,0.0,2.2890186101207477
IPJNFHWAQNKGTP-UHFFFAOYSA-N,OC(F)(c1ccc(-c2nnc3cncc(OCc4cccc(C(F)(F)F)c4)n23)o1)C1CCC1,-0.005872994661331177,0.5234350562095642,1.0,4.956885616931079
PFPAFBXRKDWXRA-UHFFFAOYSA-N,FC(F)(F)c1ccc(CCOc2cncc3nnc(-c4ccc(-c5ccoc5)o4)n23)o1,-0.03374556079506874,0.5478330254554749,1.0,4.780754623965162
GPKNVQVPXHXCTM-UHFFFAOYSA-N,FC(F)(F)c1ccc(CCOc2cncc3nnc(-c4ccc(-c5ccco5)o4)n23)o1,-0.06968933343887329,0.5107436180114746,1.0,4.079956590279247
NBTFBHMRJSOFEU-UHFFFAOYSA-N,OC(F)(F)c1ccc(-c2nnc3cncc(OCCc4ccc(-c5ccoc5)cc4)n23)c(F)c1,-0.5115165710449219,0.6235796809196472,1.0,1.059990217626981
JDLJQEILFLVQLF-UHFFFAOYSA-N,OCc1cc(-c2nnc3cncc(OCCc4cccc(-c5ccco5)c4)n23)ccc1F,-0.014733171090483665,0.5382534861564636,1.0,4.871717953620383
VQJLPMFFDCJNNM-UHFFFAOYSA-N,FC(F)Oc1ccc(-c2occc2-c2nnc3cncc(OCCC(F)(F)F)n23)cc1,-0.3984447717666626,0.6870416402816772,1.0,1.5096549966835735
WVEANQVOCVBNIJ-UHFFFAOYSA-N,CC(O)(c1ccccc1)c1ccc(-c2nnc3cncc(OCc4ccccc4C#N)n23)cc1,-0.15586906671524048,0.5676478743553162,1.0,3.0025641734219692
LTIQQBFVIFKWHL-UHFFFAOYSA-N,FC(F)Oc1ccc(-c2cc(-c3nnc4cncc(OCCC(F)(F)F)n34)co2)cc1,-0.6120890974998474,0.656672477722168,1.0,0.8387388645815567
FHNPDUFHAVQTKQ-UHFFFAOYSA-N,CC(O)(CCOc1cncc2nnc(-c3cc(-c4ccsc4)ccc3F)n12)C(F)(F)F,-0.15082599222660065,0.5046103596687317,1.0,3.048093436677046
BESSOXIPFKNLBN-UHFFFAOYSA-N,FC(F)CNCc1cc(-c2nnc3cncc(OCCC(F)(F)c4ccccc4)n23)co1,-0.11879054456949234,0.5492180585861206,1.0,3.499178923210156
CUAIACWMXOCAMY-UHFFFAOYSA-N,Oc1ccc(-c2nnc3cncc(OCCCc4ccoc4C(F)(F)F)n23)cc1F,-0.43024930357933044,0.44144248962402344,0.0,1.34000672020365
YSKBCAHZEQTQPZ-UHFFFAOYSA-N,O=C(NC1CC1)c1ccc(-c2nnc3cncc(OCCc4ccc(F)c(C(F)(F)F)c4)n23)o1,0.3036017417907715,0.47473859786987305,0.0,9.836833991260997
DUMKYPCQQZYOHZ-UHFFFAOYSA-N,CC(O)(CCOc1cncc2nnc(-c3cccc(-c4ccccc4F)c3)n12)c1ccco1,0.10196922719478607,0.39974772930145264,0.0,6.993506142079677
HLDVFIOHERTXCS-UHFFFAOYSA-N,FC(F)(F)Oc1ccsc1COc1cncc2nnc(-c3ccc(-c4cocn4)cc3)n12,-0.10430431365966797,0.6187669634819031,1.0,3.725891597455218
NOFFRZPYGMIBLQ-UHFFFAOYSA-N,CC(C)(O)C1(CCOc2cncc3nnc(-c4ccc(Cl)c(C(F)(F)F)c4)n23)CC1,-0.10368746519088745,0.45658713579177856,0.0,3.730690940396751
KZRUZOPTJSNNJW-UHFFFAOYSA-N,OC(F)(c1ccc(-c2nnc3cncc(OCCc4ccccc4C(F)(F)F)n23)cc1)C1CC1,-0.8105851411819458,0.718719482421875,1.0,0.5277392887923433
AHRMDNFCHMPQJC-UHFFFAOYSA-N,COc1cccc(-c2ccc(COc3cncc4nnc(-c5ccc(Cl)c(CO)c5)n34)o2)c1,0.17303816974163055,0.5719023942947388,1.0,8.757798029408706
RRAJMPLSGRXVNU-UHFFFAOYSA-N,OC(CCOc1cncc2nnc(-c3cccc(-c4cocn4)c3)n12)(c1ccccc1)C(F)(F)F,-0.41068530082702637,0.7104098200798035,1.0,1.417652750122287
NFOSZKARFHNHRP-UHFFFAOYSA-N,CC(O)(c1ccc(-c2nnc3cncc(OCCC(F)(F)c4ccccc4)n23)cc1)C1CC1,-0.6927265524864197,0.6012827157974243,1.0,0.6755444815062633
LNVHYFIWERWBCT-UHFFFAOYSA-N,Cc1ccccc1-c1ccc(CCOc2cncc3nnc(-c4ccc(F)c(C5(O)COC5)c4)n23)o1,0.3755398690700531,0.5237497091293335,1.0,9.890348549891606
RDIZZCCPFOAGSQ-UHFFFAOYSA-N,CC(O)(c1ccc(-c2nnc3cncc(OCCc4ccc(C(F)(F)F)s4)n23)cc1)C1COC1,-0.16961617767810822,0.6040266752243042,1.0,2.8300488451216026
IZOOTHSKJXLMEE-UHFFFAOYSA-N,O=C(NC1COC1)c1ccc(-c2nnc3cncc(OCCc4ccc(C(F)(F)F)o4)n23)c(F)c1,0.30642321705818176,0.395893931388855,0.0,9.838951516222231
IHBJRLWMGZQLNV-UHFFFAOYSA-N,Fc1ccc(C(F)(F)C(F)COc2cncc3nnc(-c4ccc(OC5COC5)cc4)n23)cc1,-0.9141568541526794,0.7523581981658936,1.0,0.4372033961730399
LRDFHYWVKXUBHN-UHFFFAOYSA-N,O=C(NC1CC1)c1ccc(-c2nnc3cncc(OCCC(F)(c4ccccc4)C(F)(F)F)n23)o1,0.28453752398490906,0.4499010145664215,0.0,9.822426732958112
HHHVUIZHWZFRLC-UHFFFAOYSA-N,O=C(Nc1ccc(-c2nnc3cncc(OCC4CC4)n23)cc1)c1cccc(C(F)(F)F)c1,-0.008346021175384521,0.6131244897842407,1.0,4.9393361176877395
FKSSKCZGUICRTP-UHFFFAOYSA-N,CC(C)(CCOc1cncc2nnc(-c3ccc(Cl)c(COC4COC4)c3)n12)C(F)(F)F,0.16866730153560638,0.3741620182991028,0.0,8.73758251718814
OOBQRMASNQGFPY-UHFFFAOYSA-N,CC(CCOc1cncc2nnc(-c3cccc(COCC4(O)CCC4)c3)n12)C(F)(F)F,0.17108756303787231,0.2865193486213684,0.0,8.748778229373448
HOEXLLVACDHSFB-UHFFFAOYSA-N,FC(F)COc1cncc2nnc(-c3ccc(OC(F)F)c(-c4ccoc4)c3)n12,-0.5524240732192993,0.7099667191505432,1.0,0.9961628963512571
YMBFGGDWDQNEPY-UHFFFAOYSA-N,O=C(c1ccc(-c2nnc3cncc(OCc4ccc(Cl)s4)n23)cc1)N1CCC1C(F)(F)F,-0.41808855533599854,0.5922821760177612,1.0,1.3647111008759134
WDVLNQZFCOLSKT-UHFFFAOYSA-N,Fc1ccccc1CC1CC(Oc2cncc3nnc(-c4ccc(OC(F)F)cc4)n23)C1,-0.8747960329055786,0.6905120611190796,1.0,0.45908105331057825
VRKKSDZNBSPSPT-UHFFFAOYSA-N,CC(O)(c1ccc(-c2nnc3cncc(OCCc4ccccc4C(F)(F)F)n23)cc1)C1CCOC1,-0.2519162595272064,0.602083683013916,1.0,2.1500003623924884
PCBUAYCANSLYBV-UHFFFAOYSA-N,O=C1CCCC(COc2cncc3nnc(-c4ccc(OC(F)F)c(C(F)(F)F)c4)n23)C1,-0.2126172035932541,0.5734744668006897,1.0,2.5000037112121962
CSUGOUHSLALJLJ-UHFFFAOYSA-N,Fc1cc(CCOc2cncc3nnc(-c4ccc(-c5cc[nH]n5)cc4)n23)cc(C(F)(F)F)c1,-0.06771457195281982,0.4467645585536957,0.0,4.093819695484577
FMYNKBPNNDQTPO-UHFFFAOYSA-N,CC(C)(O)c1ccc(-c2nnc3cncc(OCC4CCc5ccc(C(F)(F)F)cc5O4)n23)c(F)c1,-0.2370544672012329,0.5818933844566345,1.0,2.255620984998721
DVHQUDFGTXZJOC-UHFFFAOYSA-N,CC(O)(c1ccc(-c2nnc3cncc(OCCC4(C(F)(F)F)CC4)n23)cc1)C1CC1,-0.04283459857106209,0.3859575092792511,0.0,4.618626838117
PRTVUIUERUOULJ-UHFFFAOYSA-N,Cc1ccc(C(F)(F)F)cc1COc1cncc2nnc(-c3ccc(-c4nnco4)cc3)n12,0.16912037134170532,0.5159756541252136,1.0,8.739678689638447
BMPSSGZPXRZDPO-UHFFFAOYSA-N,O=C(NC1CC1(F)F)c1ccc(-c2nnc3cncc(OCCCc4cccc(Cl)c4F)n23)cc1,-0.4337524175643921,0.5938682556152344,1.0,1.340005222321216
CPKIHOOABZCURZ-UHFFFAOYSA-N,O=C(NC1COC1)c1ccc(-c2nnc3cncc(OCCc4ccc(Cl)c(C(F)(F)F)c4)n23)o1,0.4206122159957886,0.340195894241333,0.0,9.923180489564729
GAFJZDBQVFNQLY-UHFFFAOYSA-N,Fc1cc(-c2nnc3cncc(OCC4CC(c5ccccn5)C4)n23)ccc1OC(F)F,-0.48722583055496216,0.5777702331542969,1.0,1.1093275896901453
KNPHGRWSIMMQRB-UHFFFAOYSA-N,CC(CCOc1cncc2nnc(-c3ccc(-c4ccccc4)nc3)n12)C(F)(F)F,0.18041780591011047,0.4462321400642395,0.0,8.892910283390442
KWPCSWHKFGGFDC-UHFFFAOYSA-N,FC(F)Oc1cccc(-c2ncccc2-c2nnc3cncc(OCCC(F)(F)F)n23)c1,-0.3448338508605957,0.6224678158760071,1.0,1.672580059456274
YKWDQSXXWBGNGM-UHFFFAOYSA-N,COc1cc(C(C)(C)O)ccc1-c1nnc2cncc(OC3CCC(C(F)(F)F)C3)n12,0.515896737575531,0.2877015769481659,0.0,9.980389763537762
IWCKQGONRLVJIN-UHFFFAOYSA-N,O=C(c1cc(-c2nnc3cncc(OCCc4cccc(C(F)(F)F)c4)n23)ccc1Cl)N1CC(O)C1,-0.0896570011973381,0.5263969302177429,1.0,3.8799456103789116
UWTFLLTXTYLPFG-UHFFFAOYSA-N,Fc1ccc(CCOc2cncc3nnc(-c4ccc(OC(F)F)c(F)c4)n23)nc1,-0.9496703743934631,0.6693578958511353,1.0,0.41630333384163815
WJRZAWJWFRMPJT-UHFFFAOYSA-N,CC(O)(c1ccc(-c2nnc3cncc(OCCc4ccoc4C(F)(F)F)n23)cc1)C1CC1,-0.29559826850891113,0.6187410950660706,1.0,1.9882536351096591
RJVFBMUXHNZZNM-UHFFFAOYSA-N,OC1COCN(Cc2cccc(-c3nnc4cncc(OCc5ccc(C(F)(F)F)cc5)n34)c2)C1,-0.16802310943603516,0.5966938734054565,1.0,2.8423336224865463
JDCOYCAUUONLMP-UHFFFAOYSA-N,OC1CN(Cc2cc(-c3nnc4cncc(OCC(F)(F)c5ccc(Cl)o5)n34)ccc2F)C1,0.0021676067262887955,0.46044600009918213,0.0,5.009585705567003
IDONDXRUJCRCBQ-UHFFFAOYSA-N,N#Cc1cc(-c2nnc3cncc(OCCC(F)(F)c4ccsc4)n23)ccc1OC1COC1,-0.34937503933906555,0.5767882466316223,1.0,1.6689194614528169
KAMIEQTYJNYFII-UHFFFAOYSA-N,O=C(NCC(F)F)c1ccc(-c2nnc3cncc(OCCC(F)c4ccsc4)n23)o1,0.3444724977016449,0.46103227138519287,0.0,9.867398651218332
JYBMEHHTFGRJKK-UHFFFAOYSA-N,O=C(c1ccc(-c2nnc3cncc(OCc4ccc(F)c(C(F)(F)F)c4)n23)o1)N1CCOC1,0.032510194927453995,0.3911597728729248,0.0,5.557034546081135
GULMKCQLXCHUGA-UHFFFAOYSA-N,OCC(CCOc1cncc2nnc(-c3ccc(-c4ccco4)c(F)c3)n12)C(F)(F)F,-0.4441918730735779,0.5830103754997253,1.0,1.3101283933135612
WOBAHMJGZWJRIX-UHFFFAOYSA-N,OC(F)(c1ccc(-c2nnc3cncc(OCCc4cccc(C(F)(F)F)c4)n23)o1)C1CC1,-0.24410006403923035,0.5629266500473022,1.0,2.167985316031693
GKDUTXHLBKXLEE-UHFFFAOYSA-N,CN(Cc1ccc(-c2nnc3cncc(OCC(F)(F)c4ccccc4)n23)cc1F)C1COC1,-0.23086340725421906,0.5134860873222351,1.0,2.3257507421176924
SDLGGZBYKWRBBB-UHFFFAOYSA-N,CC(COc1cncc2nnc(-c3ccc(Cl)cc3)n12)C(O)Cc1ccc(C(F)(F)F)o1,-0.34543338418006897,0.6252356767654419,1.0,1.6707264054236028
DINCJPUITPEQAS-UHFFFAOYSA-N,Cc1cc(C(F)(F)CCOc2cncc3nnc(-c4ccc(C(C)(O)C5CC5)cc4)n23)no1,0.19192074239253998,0.37657344341278076,0.0,9.547960958506227
IBSNNYCUIYWCDW-UHFFFAOYSA-N,FC(c1ccco1)C(F)(F)COc1cncc2nnc(-c3ccc(OC4COC4)c(Cl)c3)n12,-0.10236803442239761,0.5967532396316528,1.0,3.742081588264593
IQRGFRCRIRPUIW-UHFFFAOYSA-N,O=C(NCC(F)F)c1ccc(-c2nnc3cncc(OCc4ccc(C(F)(F)F)cc4)n23)s1,-0.09982682019472122,0.572704553604126,1.0,3.7851820461778147
YWMWCOAWFOYEEE-UHFFFAOYSA-N,CC(O)(c1ccc(-c2nnc3cncc(OCCC(F)(F)c4ccc(F)cc4)n23)cc1)C1COC1,-0.6446874141693115,0.6362786293029785,1.0,0.7362011786391203
IEXVMCILPCIWLN-UHFFFAOYSA-N,O=C(NCC(F)F)c1ccc(-c2nnc3cncc(OCC(F)(F)c4ccncc4)n23)o1,0.3701586127281189,0.456071138381958,0.0,9.88638789423476
IEUCYAZAIDGDFZ-UHFFFAOYSA-N,CC(CCOc1cncc2nnc(-c3ccc(C(=O)N4CC(O)C4)s3)n12)C(F)(F)C(F)(F)F,0.5583474040031433,0.3657160699367523,0.0,10.009387568820372
CKCWUTOBGQCBAV-UHFFFAOYSA-N,O=C(NC1CC1)c1ccc(-c2nnc3cncc(OCC(F)(F)c4ccoc4C(F)(F)F)n23)cc1,0.39567357301712036,0.45909228920936584,0.0,9.905100842984107
GTRUPUYMOJYZMM-UHFFFAOYSA-N,CC(O)(c1ccc(-c2nnc3cncc(OCCC(F)(F)c4ccccc4)n23)o1)C1CCOCC1,0.34188857674598694,0.32861730456352234,0.0,9.865481371978275
WKBONQKGLULNEQ-UHFFFAOYSA-N,Cc1cocc1CCOc1cncc2nnc(-c3ccc(C(C)(O)c4ccc(F)c(F)c4)cc3)n12,-0.6286264061927795,0.6902354955673218,1.0,0.8110063673325602
JONIUHSNDZRYBA-UHFFFAOYSA-N,Cc1c(-c2nnc3cncc(OCCc4ccc(-c5ccco5)o4)n23)ccc(F)c1F,0.30373215675354004,0.40075069665908813,0.0,9.836931843279114
UQDMPZXBLAITKY-UHFFFAOYSA-N,CC(O)(c1ccc(-c2nnc3cncc(OCCc4coc(C(F)(F)F)n4)n23)c(F)c1)C1CC1,-0.05299744755029678,0.46023961901664734,0.0,4.201577526856658
JGGOOLADRXNTMT-UHFFFAOYSA-N,COc1ccc(-c2nnc3cncc(OCCc4ccco4)n23)cc1-c1ccc(F)c(F)c1,-0.17801108956336975,0.6309500336647034,1.0,2.765392482549542
ZIXCPOXUYAWTTN-UHFFFAOYSA-N,FC(F)(F)c1ccc(COc2cncc3nnc(-c4ccc(-c5ccoc5)o4)n23)o1,0.011171406134963036,0.5372117757797241,1.0,5.2180858574699025
XRAOQHCCXXERIE-UHFFFAOYSA-N,Oc1ccc(-c2ccc(-c3nnc4cncc(OCCC(F)c5ccco5)n34)o2)cc1,0.17492157220840454,0.4432535767555237,0.0,8.77947581277077
JWOSSJHKDZHQQW-UHFFFAOYSA-N,Fc1cc(-c2nnc3cncc(OCCC(F)(F)c4ccccn4)n23)ccc1OC(F)F,-0.951417088508606,0.6910324692726135,1.0,0.41295780393184595
NJRVDAUFSWMGJN-UHFFFAOYSA-N,OC(F)(c1ccc(-c2nnc3cncc(OCCC(F)(F)c4ccccn4)n23)cc1F)C1CCC1,-0.7072253227233887,0.6460775136947632,1.0,0.6492558992394523
DEGWKGKEGFINDL-UHFFFAOYSA-N,Cc1ccc(CCOc2cncc3nnc(-c4ccc(OCC5COCO5)cc4)n23)cc1C(F)(F)F,-0.534747838973999,0.6484367251396179,1.0,1.0209740768359892
IGABQPPGAFACMG-UHFFFAOYSA-N,FC(F)Oc1ccc(-c2nnc3cncc(OCCC4CCOC4)n23)cc1C(F)(F)F,-0.06464608758687973,0.5450677871704102,1.0,4.115364548848745
LMKVYIPEHMZEMM-UHFFFAOYSA-N,CC(O)(c1ccc(-c2nnc3cncc(OCCc4cccc(Cl)c4F)n23)cc1)C1CO1,-0.41222238540649414,0.5703532695770264,1.0,1.3979882816539904
BFTQYGGOUWRSKI-UHFFFAOYSA-N,CC1COCN1C(=O)c1cccc(-c2nnc3cncc(OCc4ccc(F)c(C(F)(F)F)c4)n23)c1,0.15162384510040283,0.5085422992706299,1.0,8.53827720706979
CWAFPPLHUKEPRE-UHFFFAOYSA-N,Fc1cc(-c2nnc3cncc(OCC(F)c4ccc(Cl)s4)n23)ccc1OC1COCOC1,-0.6591253280639648,0.6074138879776001,1.0,0.7210121092539036
VNKHMCXHHNRVDP-UHFFFAOYSA-N,Fc1cc(-c2nnc3cncc(OCC4CCCO4)n23)c(Cl)cc1-c1ccsc1,0.4264351427555084,0.3153824806213379,0.0,9.927367901079549
RQTWLVVBFGHZGJ-UHFFFAOYSA-N,CC(C)(CO)c1ccc(-c2nnc3cncc(OCCC(F)c4cc(Cl)ccc4F)n23)cn1,-0.27851083874702454,0.5375882983207703,1.0,2.000021619838572
IJSNXYLOJWPODF-UHFFFAOYSA-N,O=C(NC1COC1)c1ccc(-c2nnc3cncc(OCc4ccc(Cl)s4)n23)cc1C(F)(F)F,0.29793891310691833,0.43816396594047546,0.0,9.832579057212211
VNTVVYZYPXMLDV-UHFFFAOYSA-N,COc1ccc(-c2cc(-c3nnc4cncc(OCC(F)(F)F)n34)ccc2OC2COC2)cc1,-0.0028348322957754135,0.6244779229164124,1.0,4.958491897675596
SQVSJOXQRYLDNC-UHFFFAOYSA-N,OC1COCN(Cc2ccc(-c3nnc4cncc(OCCc5cccc(C(F)(F)F)c5)n34)c(F)c2)C1,-0.2302236407995224,0.579912543296814,1.0,2.3374420908049034
FDYFHHVNAASLJE-UHFFFAOYSA-N,Cn1cc(COc2cncc3nnc(-c4ccc(C(F)(F)F)cc4)n23)c(-c2ccccc2)n1,0.06648910045623779,0.4039496183395386,0.0,6.159701346527158
XJKQTBIYJUMEPH-UHFFFAOYSA-N,Cn1cc(-c2ccc(COc3cncc4nnc(-c5ccc(C(F)(F)F)cc5)n34)cc2)cn1,0.22849632799625397,0.42940962314605713,0.0,9.784724042813293
SJXVNAPXGSUUQD-UHFFFAOYSA-N,Cc1cc(CCOc2cncc3nnc(-c4cccc(-c5ccc(F)c(F)c5)c4)n23)cnn1,0.20333096385002136,0.37259602546691895,0.0,9.666919879030027
PGZBEBPLOMADCG-UHFFFAOYSA-N,FC(F)(F)c1ccc(-c2nnc3cncc(OCc4nnc(-c5ccsc5)o4)n23)cc1,0.2545713782310486,0.3217657506465912,0.0,9.80104888040102
PKNCYWRMLBXIPZ-UHFFFAOYSA-N,OCc1ccc(-c2nnc3cncc(OCCc4ccc(-c5cc(F)ccc5F)cc4)n23)cc1,-0.3446705937385559,0.6190128326416016,1.0,1.6730848888493526
FRCLPBPKGYGBOA-UHFFFAOYSA-N,Fc1cc(Cl)ccc1-c1nnc2cncc(OCc3ccc(OC(F)(F)F)cn3)n12,-0.36249983310699463,0.5270704030990601,1.0,1.6327014100388755
GJOFVXHZNUAKAM-UHFFFAOYSA-N,Cn1nc(-c2ccc(F)cc2)cc1COc1cncc2nnc(-c3ccc(OC(F)F)cc3)n12,-0.2204737365245819,0.501716673374176,1.0,2.483859903142925
YKPQMGVROQZFAB-UHFFFAOYSA-N,COc1nnc(-c2cccc(COc3cncc4nnc(-c5ccc(C(F)(F)F)cc5)n34)c2)o1,0.0852203518152237,0.5497523546218872,1.0,6.764227429377568
RJNCYJCFIOXUSC-UHFFFAOYSA-N,OCc1ccccc1-c1ccc(COc2cncc3nnc(-c4ccc(C(F)(F)F)nc4)n23)cc1,0.2293238788843155,0.5420320630073547,1.0,9.785361201612215
HBTFEERZCQNOGG-UHFFFAOYSA-N,Cn1c(CO)ccc1-c1ccc(Oc2cncc3nnc(-c4ccc(OC(F)F)cc4F)n23)cc1,-0.07762188464403152,0.6082435250282288,1.0,4.008476832137094
YUQWYCOLPFYXBF-UHFFFAOYSA-N,Fc1cc(-c2nnc3cncc(OCCc4ccsc4)n23)ccc1-c1cc[nH]n1,0.6523994207382202,0.18726107478141785,0.0,10.071105747868783
ZFCGCHAQEOKOJU-UHFFFAOYSA-N,Cc1oc(C(F)(F)F)cc1COc1cncc2nnc(-c3ccc(C(=O)N4CC(F)C4)o3)n12,0.28073394298553467,0.4704795777797699,0.0,9.81953668354763
LWEQLHZXKGSXOM-UHFFFAOYSA-N,FC(F)(F)c1ccc(COc2cncc3nnc(-c4ccc(CNC5CCOCC5)o4)n23)cc1,0.3955193758010864,0.30856359004974365,0.0,9.904987779183319
BUPSUISSQFXTNW-UHFFFAOYSA-N,FC(F)(F)c1ccc(CCOc2cncc3nnc(-c4ccc(COC5COC5)cc4)n23)o1,-0.062034644186496735,0.5171191096305847,1.0,4.123038348112428
XEYOFFVOPVOJKF-UHFFFAOYSA-N,OC1(COCc2cccc(-c3nnc4cncc(OCc5ccc(C(F)(F)F)o5)n34)c2)CC1,-0.02605583332479,0.47717052698135376,0.0,4.800943001619122
OHQFHFBFHWOQHD-UHFFFAOYSA-N,CC(O)(c1ccc(-c2nnc3cncc(OCc4cccc(C(F)(F)F)c4)n23)o1)C1OCCO1,0.20409992337226868,0.47475099563598633,0.0,9.673400109807368
IVAHBSNHXXEELN-UHFFFAOYSA-N,FC(F)(F)c1ccc(COc2cncc3nnc(-c4ccc(OC5COCOC5)cc4)n23)o1,0.2019224762916565,0.4895637631416321,0.0,9.655047546593282
WBOZDBNXTUGWPC-UHFFFAOYSA-N,FC(F)(F)c1ccc(CCOc2cncc3nnc(-c4cccc(COC5COC5)c4)n23)o1,0.21753256022930145,0.4843984842300415,0.0,9.776295232686614
CLWWFNTUAZSBRY-UHFFFAOYSA-N,OC1CCN(Cc2ccc(-c3nnc4cncc(OCc5coc(C(F)(F)F)c5)n34)c(F)c2)C1,0.22177639603614807,0.46081721782684326,0.0,9.779558944330082
JENAFMRTFBYLKQ-UHFFFAOYSA-N,FC(F)(F)c1ccc(COc2cncc3nnc(-c4coc(OC5COC5)c4)n23)cc1,0.18523089587688446,0.5340793132781982,1.0,9.402201408182167
MWVBKNMQXANNLM-UHFFFAOYSA-N,FC(F)(F)c1ccc(COc2cncc3nnc(-c4ccc(OC5CCOCC5)cc4)n23)o1,0.19643978774547577,0.34764939546585083,0.0,9.594524094139226
LBVSLXQPKVIZHA-UHFFFAOYSA-N,FC(F)(F)c1ccc(COc2cncc3nnc(-c4coc(COC5CCOC5)c4)n23)cc1,0.2918272316455841,0.3560866117477417,0.0,9.82795684004128
OPMKFMJRJZUGMD-UHFFFAOYSA-N,OC1CCN(Cc2ccc(-c3nnc4cncc(OCc5ccc(C(F)(F)F)o5)n34)c(F)c2)C1,0.459524929523468,0.42371034622192383,0.0,9.941626370022187
NUKQNHDMVOGYCX-UHFFFAOYSA-N,FC(F)(F)c1ccc(COc2cncc3nnc(-c4ccc(COC5CC5)cc4)n23)o1,-0.23910222947597504,0.5396917462348938,1.0,2.235541564493334
PAEKPKYHLWVOMT-UHFFFAOYSA-N,CC1(COc2ccc(-c3nnc4cncc(OCc5ccc(C(F)(F)F)o5)n34)cc2)COC1,0.03093179687857628,0.5002081394195557,1.0,5.551174032752877
RAZOIDJYFCZJGN-UHFFFAOYSA-N,FC(F)(F)c1ccc(COc2cncc3nnc(-c4ccc(OC5COC5)s4)n23)s1,0.29321280121803284,0.43811535835266113,0.0,9.82900547353878
GSTNGBOSTROUKZ-UHFFFAOYSA-N,Fc1cc(CCNC2COC2)ccc1-c1nnc2cncc(OCc3ccc(C(F)(F)F)o3)n12,0.39352187514305115,0.3524172008037567,0.0,9.903522808650798
XPARDVFICIMWDX-UHFFFAOYSA-N,Fc1ccc(-c2nnc3cncc(OCc4ccc(C(F)(F)F)o4)n23)cc1OC1COC1,0.0024792798794806004,0.48406362533569336,0.0,5.016716798547568
NFNRNSKYELUMJL-UHFFFAOYSA-N,FC(F)(F)c1cc(COc2cncc3nnc(-c4ccc(OC5CCCOC5)cc4)n23)co1,0.25925418734550476,0.387704074382782,0.0,9.803213350159137
GYVJEQWJUAEHQQ-UHFFFAOYSA-N,CC(O)(c1ccc(-c2nnc3cncc(OCc4ccc(C(F)(F)F)s4)n23)cc1)C1COC1,-0.11642596870660782,0.6074466705322266,1.0,3.5410383630268556
UIKYCOPAJCYKBS-UHFFFAOYSA-N,FC(F)(F)c1ccc(COc2cncc3nnc(-c4cccc(OC5COC5)c4)n23)s1,-0.06042497605085373,0.5811290144920349,1.0,4.125555189508042
ZHRDBZFYOILDNX-UHFFFAOYSA-N,OCc1cc(-c2nnc3cncc(OCCCc4ccsc4)n23)ccc1OC(F)(F)F,-0.06730310618877411,0.6327356100082397,1.0,4.096708478573226
HNWNANCSYFUQJM-UHFFFAOYSA-N,FC(F)(F)c1ccc(CCOc2cncc3nnc(-c4cccc(OC5CCOC5)c4)n23)o1,0.312625527381897,0.3598819375038147,0.0,9.843606633624365
ZVUXTXDIXHHBCO-UHFFFAOYSA-N,Fc1ccc(COc2cncc3nnc(-c4coc(CN5CCCC5)c4)n23)cc1C(F)(F)F,0.11415150761604309,0.45862263441085815,0.0,7.732467676974627
XNAAETFRRHFLQU-UHFFFAOYSA-N,FC(F)(F)c1ccc(CCOc2cncc3nnc(-c4ccc(COC5CCOC5)cc4)n23)o1,0.143042653799057,0.3379557132720947,0.0,8.3964390311745
LKNBYCYDVILZOT-UHFFFAOYSA-N,FC(F)(F)c1ccc(COc2cncc3nnc(-c4ccc(OC5CCC5)cc4)n23)o1,-0.287757933139801,0.5059723854064941,1.0,1.9980516070387382
NQQWFXNSYZATGJ-UHFFFAOYSA-N,FC(F)(F)c1ccc(CCOc2cncc3nnc(-c4cccc(COC5CCOC5)c4)n23)o1,0.33308517932891846,0.3110230267047882,0.0,9.858920647530951
RKZCNLJZFMAORH-UHFFFAOYSA-N,FC(F)(F)c1ccc(COc2cncc3nnc(-c4ccc(Cl)c(CNC5COC5)c4)n23)o1,0.12153228372335434,0.4348388612270355,0.0,7.9922305036875905
QTLKQLTWYSFTMN-UHFFFAOYSA-N,O=C(NC1CC1)c1ccc(-c2nnc3cncc(OCCc4ccc(C(F)(F)F)o4)n23)cc1F,0.11298735439777374,0.49081307649612427,0.0,7.657494721943477
SAMZRPKQXVSVEQ-UHFFFAOYSA-N,OC1CN(Cc2ccc(-c3nnc4cncc(OCc5ccc(C(F)(F)F)s5)n34)c(F)c2)C1,0.2196733057498932,0.4484003782272339,0.0,9.777943802382397
TUZCUBFOTBXSSX-UHFFFAOYSA-N,Fc1cc(-c2nnc3cncc(OCc4ccc(C(F)(F)F)cc4)n23)ccc1CNC1COC1,-0.23664051294326782,0.5142483115196228,1.0,2.259461434540296
XFISLYMWCSVEIY-UHFFFAOYSA-N,FC(F)CNCc1cc(-c2nnc3cncc(OCc4ccccc4C(F)(F)F)n23)co1,-0.2393571436405182,0.5796719193458557,1.0,2.232093894829484
VLNHJMRYYSWFJF-UHFFFAOYSA-N,FC(F)(F)c1cccc(CCOc2cncc3nnc(-c4ccc(COC5COC5)s4)n23)c1,0.19440370798110962,0.4813443422317505,0.0,9.567969716898936
XMLKPRDDNOEYPO-UHFFFAOYSA-N,OC1(COCc2ccc(-c3nnc4cncc(OCc5ccc(C(F)(F)F)o5)n34)c(F)c2)CC1,-0.2438737154006958,0.5026609897613525,1.0,2.1710431253301383
MCNJBRGGQTYCCL-UHFFFAOYSA-N,Fc1ccc(COc2cncc3nnc(-c4ccc(CNC5CC5)s4)n23)cc1C(F)(F)F,0.18996039032936096,0.4502773880958557,0.0,9.544355089546684
SWNWSRLBYZAYRL-UHFFFAOYSA-N,FC(F)(F)c1ccc(COc2cncc3nnc(-c4cccc(OC5CCCOC5)c4)n23)o1,0.24783962965011597,0.44591814279556274,0.0,9.798548705362274
YQRDQVWHOJFWQQ-UHFFFAOYSA-N,FC(F)(F)Oc1ccccc1COc1cncc2nnc(-c3ccc(C4COC4)s3)n12,0.13503117859363556,0.5994057655334473,1.0,8.246889182323864
NVPWIIFTUKGLPR-UHFFFAOYSA-N,Fc1cc(CNC2CCC2)ccc1-c1nnc2cncc(OCc3ccc(C(F)(F)F)o3)n12,0.30874136090278625,0.3399670124053955,0.0,9.84069145486043
YSKOYWIWBQAIGZ-UHFFFAOYSA-N,Cc1oc(C(F)(F)F)cc1COc1cncc2nnc(-c3ccc(C(=O)NC4CC4)cc3F)n12,0.361265629529953,0.3651374578475952,0.0,9.879855990829592
JLLQWDDCQYLYAR-UHFFFAOYSA-N,FC(F)(F)c1cc(COc2cncc3nnc(-c4ccc(OC5COC5)o4)n23)ccc1Cl,0.0485270619392395,0.5352662801742554,1.0,5.643436077987109
DDBUBPOVTHRBKI-UHFFFAOYSA-N,O=C(OC1COC1)c1ccc(-c2nnc3cncc(OCc4cccc(C(F)(F)F)c4)n23)cc1,-0.10702051967382431,0.6436946392059326,1.0,3.7047620593845605
CSLLWWWDEKQDIH-UHFFFAOYSA-N,FC1(F)CN(Cc2cccc(-c3nnc4cncc(OCc5ccc(C(F)(F)F)o5)n34)c2)C1,-0.22490641474723816,0.5292094945907593,1.0,2.4297847054598987
VPVVKMMCCKUSEN-UHFFFAOYSA-N,FC(F)(F)c1ccc(COc2cncc3nnc(-c4ccc(COC5CCCO5)o4)n23)cc1,0.10232678055763245,0.524511456489563,1.0,6.997956787248651
SNDFYRDAMKSUIT-UHFFFAOYSA-N,CC(O)(c1ccc(-c2nnc3cncc(OCc4ccc(C(F)(F)F)cc4)n23)cc1)C1CNC1,-0.23565638065338135,0.5994269847869873,1.0,2.268593204776506
NRBQLBNHDLOHBZ-UHFFFAOYSA-N,FC(F)(F)Oc1ccc(-c2nnc3cncc(OCCc4ccsc4)n23)cc1OC1COC1,0.07616916298866272,0.46537595987319946,0.0,6.480258431837028
MTPSTWCIAFRCEN-UHFFFAOYSA-N,CC(O)(c1ccc(-c2nnc3cncc(OCc4ccc(C(F)(F)F)o4)n23)cc1)C1CCC1,-0.08288449794054031,0.5470831394195557,1.0,3.998628410401546
BGTZYCVLPRTGMK-UHFFFAOYSA-N,Fc1ccc(-c2nnc3cncc(OCc4ccc(C(F)(F)F)cc4)n23)cc1OC1COC1,-0.88234543800354,0.7071173191070557,1.0,0.455135858795174
YERQPOIZLFALBV-UHFFFAOYSA-N,FC(F)(F)c1ccc(COc2cncc3nnc(-c4ccc(Cl)c(CN5CCOC5)c4)n23)o1,0.30054059624671936,0.2903585731983185,0.0,9.834536064989472
QFBBJRVOCCLKFU-UHFFFAOYSA-N,FC(F)(F)c1ccc(COc2cncc3nnc(-c4ccc(Cl)cc4CN4CCC4)n23)o1,0.3852235674858093,0.2851676940917969,0.0,9.897455651407533
JUYXDGNWJLNBOZ-UHFFFAOYSA-N,OC(F)(c1ccc(-c2nnc3cncc(OCc4ccc(C(F)(F)F)o4)n23)cc1F)C1CC1,-0.4117370545864105,0.6004291772842407,1.0,1.4041959473331571
CZVTURYKDMVMJG-UHFFFAOYSA-N,Fc1ccc(COC2CCOC2)cc1-c1nnc2cncc(OCc3ccc(C(F)(F)F)o3)n12,0.2854345142841339,0.4410153031349182,0.0,9.823107832456557
IZIBIBWCFQNSME-UHFFFAOYSA-N,Fc1cc(-c2nnc3cncc(OCc4ccc(C(F)(F)F)o4)n23)ccc1COC1CCOC1,0.16137874126434326,0.4704483151435852,0.0,8.61665180974625
QBFQJMQXGTWURL-UHFFFAOYSA-N,O=C(c1ccc(-c2nnc3cncc(OCc4ccc(C(F)(F)F)o4)n23)cc1F)N1CCCC1,0.2536524832248688,0.4126221537590027,0.0,9.800665844527577
JYXRCOYMMPBCOF-UHFFFAOYSA-N,FC(F)(F)c1cccc(COc2cncc3nnc(-c4cccc(COC5CCNC5)c4)n23)c1,-0.03120802715420723,0.5709307193756104,1.0,4.800132447733848
GAFQASARQHPTFQ-UHFFFAOYSA-N,O=C(NCc1ccc(-c2nnc3cncc(OCc4ccc(C(F)(F)F)cc4)n23)cc1)C1CC1,-0.14446115493774414,0.5459463596343994,1.0,3.0738053233124547
PMMWYWBSVZJPHC-UHFFFAOYSA-N,FC(F)(F)c1cccc(COc2cncc3nnc(-c4ccc(COCC5COC5)cn4)n23)c1,0.5270286202430725,0.41463857889175415,0.0,9.988075311132178
VIRAVBIXKUJORI-UHFFFAOYSA-N,Cc1ccc(C(F)(F)F)cc1COc1cncc2nnc(-c3ccc(OC4CCOC4)o3)n12,0.2713589072227478,0.48640763759613037,0.0,9.812432519141122
OKZDDLLOTRJIJU-UHFFFAOYSA-N,Fc1cc(-c2nnc3cncc(OCc4ccccc4C(F)(F)F)n23)ccc1OC1COC1,-0.8331542015075684,0.6931434273719788,1.0,0.484202083602409
FSUFPZHHNLFOTH-UHFFFAOYSA-N,Cc1ccc(-c2nnc3cncc(OCc4ccc(C(F)(F)F)o4)n23)cc1OCC1CCCO1,0.11059579253196716,0.3980770707130432,0.0,7.503444251236528
SDXJCZVTLPBPAG-UHFFFAOYSA-N,O=C(c1ccc(-c2nnc3cncc(OCc4ccc(C(F)(F)F)o4)n23)cc1)N1CC(F)(F)C1,0.15674187242984772,0.5369843244552612,1.0,8.591772980717408
CHTTZWYIEFUXOZ-UHFFFAOYSA-N,O=C(c1ccc(-c2nnc3cncc(OCc4ccc(C(F)(F)F)cc4)n23)c(F)c1)N1CCC1,0.1327337771654129,0.4730309247970581,0.0,8.167247451178183
AAEHWLBRSUOUBK-UHFFFAOYSA-N,Fc1ccc(COc2cncc3nnc(-c4ccc(COC5COC5)s4)n23)cc1C(F)(F)F,-0.07189515233039856,0.48247626423835754,0.0,4.059801782422853
JDQUQBJJSKERGV-UHFFFAOYSA-N,O=C(NC1CC1)c1ccc(-c2nnc3cncc(OCc4csc(C(F)(F)F)c4)n23)c(F)c1,0.18896499276161194,0.4800529479980469,0.0,9.542523641647044
WPHINTOTKROMAM-UHFFFAOYSA-N,FC1(F)CN(Cc2ccc(-c3nnc4cncc(OCCc5ccc(C(F)(F)F)o5)n34)cc2)C1,-0.14894434809684753,0.485904335975647,0.0,3.058562881227804
IYJGHDVUIBSXQP-UHFFFAOYSA-N,OC1(COCc2ccc(-c3nnc4cncc(OCCc5cccc(C(F)(F)F)c5)n34)cc2)CC1,-0.7804230451583862,0.6803382635116577,1.0,0.5588679271608881
KVVUMTSYWZUHFA-UHFFFAOYSA-N,CC(O)(c1ccc(-c2nnc3cncc(OCCc4cscc4C(F)(F)F)n23)cc1)C1COC1,-0.059447482228279114,0.4904555678367615,0.0,4.127083697055646
PJXBFAVIDIQANL-UHFFFAOYSA-N,O=C(c1ccc(-c2nnc3cncc(OCc4ccc(C(F)(F)F)cc4)n23)cc1)C1CC1,-0.015693437308073044,0.5338476300239563,1.0,4.857743254070043
XDSOGOGHSCFLOW-UHFFFAOYSA-N,FC(F)(F)c1ccc(COc2cncc3nnc(-c4ccc(C5CCO5)cc4)n23)cc1,-0.9165346622467041,0.7574567794799805,1.0,0.4360608063471519
HOUDEYDSKAPWRK-UHFFFAOYSA-N,CC(C)(O)c1ccc(-c2nnc3cncc(OCCc4coc(-c5ccoc5)c4)n23)cc1F,0.14507175981998444,0.3892431855201721,0.0,8.424698084691114
UAFSALIVOVYKJS-UHFFFAOYSA-N,FC(F)(F)c1cccc(COc2cncc3nnc(-c4ccc(C5(F)COC5)cc4)n23)c1,-0.9258016347885132,0.7242761850357056,1.0,0.43197657981756044
IOWRLDWAGSUWOK-UHFFFAOYSA-N,COC(F)(F)c1ccc(-c2nnc3cncc(OCc4cccc(C5COC5)c4)n23)c(C)c1,-0.23616574704647064,0.6314657330513,1.0,2.263866525580139
RYYHXLKIBYDMPY-UHFFFAOYSA-N,FC(F)(F)c1ccc(COc2cncc3nnc(-c4ccc(COC5COCCO5)cc4)n23)cc1,-0.1865217089653015,0.6418949365615845,1.0,2.630005590452841
WERNJSXMICAQPA-UHFFFAOYSA-N,OC(c1ccc(-c2nnc3cncc(OCCc4ccsc4)n23)cc1F)(C1CC1)C(F)(F)F,-0.6297827363014221,0.6220310926437378,1.0,0.809521359255366
GGYIQXCXSNZDBB-UHFFFAOYSA-N,Fc1cc(OC2CCCOC2)ccc1-c1nnc2cncc(OCc3ccc(C(F)(F)F)o3)n12,0.18758875131607056,0.4334902763366699,0.0,9.539990905917728
ZOMNCLRWCPLCAA-UHFFFAOYSA-N,O=C(NC1CCOC1)c1ccc(-c2nnc3cncc(OCc4coc(C(F)(F)F)c4)n23)c(F)c1,0.4808498024940491,0.3624163866043091,0.0,9.955989524273278
PPZGBVQVDWHXPB-UHFFFAOYSA-N,O=C(NC1CC1(F)F)c1ccc(-c2nnc3cncc(OCc4ccc(C(F)(F)F)o4)n23)cc1,0.17480960488319397,0.4917341470718384,0.0,8.777924224310464
BTKIGIIZJWFEJI-UHFFFAOYSA-N,O=C(NC1CC1)c1ccc(-c2nnc3cncc(OCc4ccc(C(F)(F)F)s4)n23)cc1F,0.1608840823173523,0.4593048691749573,0.0,8.606724004587166
HLBJMHXYLNVHRE-UHFFFAOYSA-N,OC1(c2cccc(COc3cncc4nnc(-c5ccc(OC(F)(F)F)cc5)n34)c2)CCOCC1,-0.28506022691726685,0.6436542868614197,1.0,1.9999786265563086
SLJUYODAKVBGBE-UHFFFAOYSA-N,FC(F)(F)c1ccc(COc2cncc3nnc(-c4ccc(OC5CCOC5)c(Cl)c4)n23)o1,0.03639727458357811,0.49205994606018066,0.0,5.569611053390727
VHIHOPHUYKDPTF-UHFFFAOYSA-N,FC(F)(F)c1cccc(CCOc2cncc3nnc(-c4cccc(C5(F)COC5)c4)n23)c1,-0.714519202709198,0.7654283046722412,1.0,0.6288833547418173
BMRUHDZJILBOQU-UHFFFAOYSA-N,CC(O)(c1cccc(-c2nnc3cncc(OCc4ccc(C(F)(F)F)o4)n23)c1)C1CCOCC1,0.29134052991867065,0.4631504416465759,0.0,9.827587982331355
ZEJIFYQCTWKTKH-UHFFFAOYSA-N,CC(F)(F)c1cc(COc2cncc3nnc(-c4ccc(OC(F)(F)F)cc4)n23)co1,-0.6695120930671692,0.7200890183448792,1.0,0.7063444723338361
IWTXDXGHHBXRJT-UHFFFAOYSA-N,FC(F)(F)c1ccc(COc2cncc3nnc(-c4ccc(Cn5ccnc5)o4)n23)cc1,0.5835172533988953,0.3269255757331848,0.0,10.026245031109775
KNGXIDGQYUDODC-UHFFFAOYSA-N,CC(O)(c1ccc(-c2nnc3cncc(OCc4ccc(C(F)(F)F)cc4)n23)o1)C1CCOCC1,0.3966143727302551,0.43312138319015503,0.0,9.90579052687607
AWLDGKNIAVWXPR-UHFFFAOYSA-N,FC(F)(F)Oc1cccc(CCOc2cncc3nnc(-c4ccc(COC5COC5)cc4)n23)c1,-0.4533880352973938,0.6922883987426758,1.0,1.2636028041436314
GDAFUEXELFKQLR-UHFFFAOYSA-N,O=C1OCCC1Oc1ccc(-c2nnc3cncc(OCc4ccc(C(F)(F)F)cc4)n23)cc1,-0.28547513484954834,0.7622177004814148,1.0,1.9997544638785176
COGWHXIAWGEWOS-UHFFFAOYSA-N,Fc1ccsc1CCOc1cncc2nnc(-c3ccc(OC(F)(F)F)cc3)n12,-0.9465398192405701,0.7313978672027588,1.0,0.42098955864037746
CUPPIVUMDUDWTM-UHFFFAOYSA-N,O=C(NCc1ccc(-c2nnc3cncc(OCc4ccc(C(F)(F)F)o4)n23)cc1)C1(F)CC1,-0.06947330385446548,0.5459343194961548,1.0,4.0814730565829365
VPVPEPMPWCZQPS-UHFFFAOYSA-N,OC1(COCc2ccc(-c3nnc4cncc(OCc5ccc(C(F)(F)F)cc5)n34)cc2)CCC1,-0.7351888418197632,0.6811617612838745,1.0,0.6117771118716228
DYICFUDJWLIZGF-UHFFFAOYSA-N,FC(F)(F)c1ccc(COc2cncc3nnc(-c4ccc(Cl)cc4OC4COC4)n23)cc1,-0.49081099033355713,0.6618505120277405,1.0,1.0889430630078087
BHHGIIYKMIIGCM-UHFFFAOYSA-N,CC(C)(F)c1ccc(COc2cncc3nnc(-c4ccc(F)c(OC(F)F)c4)n23)o1,-0.7891860008239746,0.6648806929588318,1.0,0.5489596675727403
ZJQNNNXFHLVWMD-UHFFFAOYSA-N,Cc1cc(-c2nnc3cncc(OCc4cccc(C(F)(F)F)c4)n23)ccc1C(=O)N1CCCO1,0.14091069996356964,0.518477201461792,1.0,8.365284886576688
SSQRODQFBRKLCB-UHFFFAOYSA-N,FC(F)(F)c1ccc(COc2cncc3nnc(-c4ccc5c(c4)OCC5)n23)cc1,-0.5819613337516785,0.6328532695770264,1.0,0.890029708286578
GELLDTKUQDFYMR-UHFFFAOYSA-N,Fc1cc(C2COC2)ccc1-c1nnc2cncc(OCc3ccc(C(F)(F)F)cn3)n12,0.18335555493831635,0.33399513363838196,0.0,9.203817879977688
JPXHFCOQVPAVQF-UHFFFAOYSA-N,O=C(OCC1CCO1)c1ccc(-c2nnc3cncc(OCc4ccc(C(F)(F)F)cc4)n23)cc1,-0.06486354768276215,0.6337152719497681,1.0,4.1138375458070655
ZNFNMMSMLMSPTB-UHFFFAOYSA-N,FC(F)(F)c1ccc(COc2cncc3nnc(-c4ccc(COC5CCOC5)cn4)n23)cc1,0.437226265668869,0.45882493257522583,0.0,9.935138245507686
KMHWHBRXWMQFJL-UHFFFAOYSA-N,O=C(NC1COC1)c1ccc(-c2nnc3cncc(OCc4ccc(Cl)c(C(F)(F)F)c4)n23)o1,0.26673492789268494,0.45694321393966675,0.0,9.808904151727262
COSDVJPNUADJPT-UHFFFAOYSA-N,OCC1(OCc2ccc(-c3nnc4cncc(OCc5ccc(OC(F)(F)F)cc5)n34)cc2)CC1,-0.3675554692745209,0.640526294708252,1.0,1.6279528417748508
NZLIMLPMAMJFQI-UHFFFAOYSA-N,OC1(COCc2ccc(-c3nnc4cncc(OCCc5cccc(C(F)(F)F)c5)n34)cn2)CC1,-0.0010449355468153954,0.359289288520813,0.0,4.959438226047729
QIZHBYHSRNWAEC-UHFFFAOYSA-N,OC1CN(Cc2cc(-c3nnc4cncc(OCCC(F)(F)c5cccc(F)c5)n34)ccc2F)C1,-0.4056708514690399,0.4990187883377075,0.0,1.4719896876530183
XUHMPKCFUWFUOD-UHFFFAOYSA-N,O=C(NC1COC1)c1ccc(-c2nnc3cncc(OCc4csc(C(F)(F)F)c4)n23)c(F)c1,0.3184365928173065,0.4326334595680237,0.0,9.847978994107024
JOUJJZJPMHLBLI-UHFFFAOYSA-N,Cc1oc(C(F)(F)F)cc1COc1cncc2nnc(-c3ccc(C(=O)N4CC(C)(F)C4)cc3)n12,0.142978236079216,0.4789779782295227,0.0,8.395541760354432
AGNOJWZHFOMPPS-UHFFFAOYSA-N,Fc1ccc(COc2cncc3nnc(-c4ccc(COC5CCO5)cc4)n23)cc1C(F)(F)F,-0.7034178972244263,0.6825906038284302,1.0,0.6573465390888804
PWPUGXHOGKEGGA-UHFFFAOYSA-N,FC(F)(F)c1ccc(COc2cncc3nnc(-c4ccc(COC5CC=CCO5)cc4)n23)o1,-0.036044828593730927,0.5314204096794128,1.0,4.755710477849749
QLCYMJYHTSBBPD-UHFFFAOYSA-N,CC(O)(c1ccc(-c2nnc3cncc(OCCc4ccsc4)n23)c(F)c1)c1ccco1,0.29351985454559326,0.4335354268550873,0.0,9.829237798943367
PMXMMAYWUQLFDD-UHFFFAOYSA-N,FC(F)(F)c1cccc(CCOc2cncc3nnc(-c4cccc(COC5CCOC5)c4)n23)c1,-0.4400516450405121,0.6362990140914917,1.0,1.3268092851831867
QLBNHHCLAQMDCL-UHFFFAOYSA-N,CC(O)(F)c1ccc(-c2nnc3cncc(OCCc4csc5ccccc45)n23)cc1F,-0.827862024307251,0.6185741424560547,1.0,0.4858020481752621
MDRVASJHBDHWCW-UHFFFAOYSA-N,O=C(c1cccc(-c2nnc3cncc(OCc4cccc(C(F)(F)F)c4)n23)c1)C1CCOCC1,0.14452344179153442,0.5859401822090149,1.0,8.417062557553809
KUTYKGBGULDHBN-UHFFFAOYSA-N,OC1(COCc2ccc(-c3nnc4cncc(OCCc5ccc(C(F)(F)F)o5)n34)c(F)c2)CC1,-0.08264975249767303,0.38925933837890625,0.0,3.9990676220548815
PBYVQWMPEGQXHU-UHFFFAOYSA-N,Fc1cc(COc2cncc3nnc(-c4ccc(N5CCCOC5)cc4)n23)cc(C(F)(F)F)c1,0.05776313319802284,0.3813610076904297,0.0,6.0406575602255606
ZEBRQSLVNUJLOF-UHFFFAOYSA-N,CC(O)(c1ccccc1)c1ccc(-c2nnc3cncc(OCCc4ccco4)n23)c(F)c1,-0.11191426217556,0.4285929799079895,0.0,3.6294992069574175
QWLKZNAGZPFVCK-UHFFFAOYSA-N,FC(F)(F)Oc1cccc(COc2cncc3nnc(-c4ccc(COC5CCOC5)cc4)n23)c1,-0.1323755383491516,0.6225963830947876,1.0,3.2166373348346293
VKRDRVNOPGLDOL-UHFFFAOYSA-N,CC(F)(F)c1ccc(COc2cncc3nnc(-c4ccc(C(F)(F)F)nc4)n23)o1,-0.339737206697464,0.5856512784957886,1.0,1.6883534260656987
NQOXUQHNPCPZRZ-UHFFFAOYSA-N,CC(C)(O)c1ccc(-c2nnc3cncc(OCc4ccc(-c5ccoc5)cc4)n23)cc1F,0.41260984539985657,0.3695298433303833,0.0,9.917413731362272
UNZIWMAKVMGBAG-UHFFFAOYSA-N,O=C(c1ccc(-c2nnc3cncc(OCc4cccc(C(F)(F)F)c4)n23)c(F)c1)N1CCCC1,0.20848438143730164,0.5171207785606384,1.0,9.72047103658493
CNEPYMYCGPBWQJ-UHFFFAOYSA-N,FC(F)(F)c1ccc(-c2nnc3cncc(OCCCc4ccc(Cl)s4)n23)cn1,0.16746722161769867,0.3296789526939392,0.0,8.732029455275383
WDTCIIUFJAWPTL-UHFFFAOYSA-N,FC(F)(F)c1ccc(COc2cncc3nnc(-c4ccc(Cn5cccn5)cc4)n23)cc1,0.18966689705848694,0.45498126745224,0.0,9.543815122503633
VBDDROJNTUTHKW-UHFFFAOYSA-N,Fc1ccn(-c2ccc(COc3cncc4nnc(-c5ccc(OC6COC6)cc5)n34)cc2)c1,0.39601171016693115,0.4538491368293762,0.0,9.905348755029328
KYAVRYMWJVANEM-UHFFFAOYSA-N,Fc1ccc(-c2nnc3cncc(OCc4ccc(Cl)s4)n23)cc1COC(F)F,-0.9786113500595093,0.7629696130752563,1.0,0.3822292862261212
XBFFZTPXGHWLDA-UHFFFAOYSA-N,Fc1cc(-c2nnc3cncc(OCc4ccc(C(F)(F)F)cn4)n23)ccc1OC1COC1,-0.04648575931787491,0.41004544496536255,0.0,4.479186238064039
QPFORACAPQVOIB-UHFFFAOYSA-N,Fc1cc(-c2nnc3cncc(OCc4ccc(C(F)(F)F)cc4)n23)ccc1OC1CCNC1,-0.3775370121002197,0.5467410683631897,1.0,1.607968291069701
GVKQCWSUEDSVNL-UHFFFAOYSA-N,COc1cc(CCOc2cncc3nnc(-c4ccc(C(C)(O)c5ccccc5)o4)n23)ccc1F,0.4426310956478119,0.4829663634300232,0.0,9.938905423333509
PUZCVKIBLKZKFR-UHFFFAOYSA-N,CC(O)(c1ccco1)c1ccc(-c2nnc3cncc(OCc4cccc(C(F)(F)F)c4)n23)o1,-0.01436441857367754,0.5565155148506165,1.0,4.877084441229116
RAHRJNBSVYPEHF-UHFFFAOYSA-N,FC(F)(F)c1ccc(CCOc2cncc3nnc(-c4cccc(-c5cnco5)c4)n23)o1,0.1946909874677658,0.37273895740509033,0.0,9.571717030717872
ITSVSABTAZWALQ-UHFFFAOYSA-N,Fc1cc(CCOc2cncc3nnc(-c4ccc(OC5CCOC5)cc4)n23)cc(C(F)(F)F)c1,-0.45130157470703125,0.5669902563095093,1.0,1.272431623484734
WSYWJLFPAJFBRP-UHFFFAOYSA-N,FC(F)(F)c1ccc(CCOc2cncc3nnc(-c4cccc(-c5ncco5)c4)n23)o1,0.1204259991645813,0.35021674633026123,0.0,7.959602126047737
CRSJYPZHQCHLMV-UHFFFAOYSA-N,FC(F)(F)c1ccc(COc2cncc3nnc(-c4ccc(-n5cccn5)cc4)n23)o1,0.4075198769569397,0.40409523248672485,0.0,9.913726882567673
GLEWLZXGHZQRAT-UHFFFAOYSA-N,FC(F)(F)c1ccc(COc2cncc3nnc(-c4ccc(COC5CC5(F)F)nc4)n23)o1,-0.2990370988845825,0.5487909913063049,1.0,1.9787549744477066
UMCPSAAIEWQIRH-UHFFFAOYSA-N,O=C(NC1CC1)c1cccc(-c2nnc3cncc(OCc4ccc(F)c(C(F)(F)F)c4)n23)c1,0.0051783290691673756,0.56406170129776,1.0,5.078470836847719
JOTSNUIRJAVHDL-UHFFFAOYSA-N,FC(F)Oc1cc(OC2CC2)ccc1-c1nnc2cncc(OCCc3ccsc3)n12,-0.3660559058189392,0.6605924963951111,1.0,1.6290657090825136
MZCKSOLEKABLJW-UHFFFAOYSA-N,CC1(OCc2ccc(-c3nnc4cncc(OCc5ccc(C(F)(F)F)cn5)n34)cc2)CC1,0.16904915869235992,0.47307088971138,0.0,8.73934922787198
OWKJIOGAGRDUNC-UHFFFAOYSA-N,FC(F)Oc1ccc(-c2nnc3cncc(OCc4ccsc4)n23)cc1OC1COC1,0.029640674591064453,0.6259384751319885,1.0,5.546066305525453
JOIYDNOAJCGANJ-UHFFFAOYSA-N,Cc1oc(C(F)(F)F)cc1COc1cncc2nnc(-c3ccc(C(C)(C)O)cn3)n12,0.46899956464767456,0.34325021505355835,0.0,9.947670063761523
SWHILROJUSUFIR-UHFFFAOYSA-N,O=C(NC1CCC1(F)F)c1ccc(-c2nnc3cncc(OCc4coc(C(F)(F)F)c4)n23)cc1,0.21137551963329315,0.4845697283744812,0.0,9.756951365365351
OPJZVODQAVTGAE-UHFFFAOYSA-N,FC(F)(F)c1cc(COc2cncc3nnc(-c4ccc(COC5COC5)nc4)n23)ccc1Cl,-0.09149488806724548,0.4581928253173828,0.0,3.87107145169977
BZJNGRWVHCKANJ-UHFFFAOYSA-N,Cc1occc1CCOc1cncc2nnc(-c3cccc(-c4ccc(F)c(CO)c4)c3)n12,0.0422285832464695,0.45394468307495117,0.0,5.602488813311804
ZTNJIOGGUJXIST-UHFFFAOYSA-N,OC(c1ccc(-c2nnc3cncc(OCc4csc(C(F)(F)F)c4)n23)cc1)C(F)F,-0.8503727912902832,0.7525606155395508,1.0,0.4744281383406978
RLADXZWFNTULKS-UHFFFAOYSA-N,O=C1OCCN1Cc1cc(-c2nnc3cncc(OCc4ccc(C(F)(F)F)cc4)n23)ccc1F,-0.4138157069683075,0.5288718938827515,1.0,1.377617501791981
PPVBIMQEYAVHJH-UHFFFAOYSA-N,FC(c1ccc(-c2nnc3cncc(OCc4ccc(C(F)(F)F)o4)n23)cn1)C1CC1,-0.1025858223438263,0.499426007270813,0.0,3.7392629518835228
FVQOQNHKAMHBAK-UHFFFAOYSA-N,OCc1cc(-c2nnc3cncc(OCc4ccc(-n5cccc5)cc4)n23)ccc1C(F)(F)F,0.2441905289888382,0.5457238554954529,1.0,9.796772713493475
QRWOTWLFOAHUCL-UHFFFAOYSA-N,Cc1cc(COc2cncc3nnc(-c4ccc(C(C)(O)c5ccccc5)cc4F)n23)oc1C,-0.1314772218465805,0.4293745756149292,0.0,3.2347401134750813
BUYDCZLJGCSIAE-UHFFFAOYSA-N,Cc1cn(-c2ccc(COc3cncc4nnc(-c5ccc(C(F)(F)F)cc5)n34)cc2)c(=O)o1,0.2480948567390442,0.44823288917541504,0.0,9.798636477737467
DXLHWSSRZKUNIY-UHFFFAOYSA-N,Fc1cc(-c2nnc3cncc(OCc4ccc(C(F)(F)F)cc4)n23)ccc1OC1COCCO1,-0.8414736986160278,0.7067186832427979,1.0,0.4813662992598987
GUFRBTZZAQBHRU-UHFFFAOYSA-N,OCc1cc(-c2nnc3cncc(OCCc4ccccc4-n4cccc4)n23)ccc1Cl,0.4583565592765808,0.3291545510292053,0.0,9.940985631758785
VQYSZUMTCNVELT-UHFFFAOYSA-N,Fc1ccc(-c2nnc3cncc(OCCc4ccco4)n23)cc1COc1ccccc1,-0.16989485919475555,0.4571508765220642,0.0,2.827900162295057
OGMZZHLYXPHUSX-UHFFFAOYSA-N,COc1cc(-c2nnc3cncc(OCc4ccc(C(F)(F)F)o4)n23)ccc1-c1cnoc1,0.43671342730522156,0.3847302794456482,0.0,9.934770763653974
KJGFKZVUTWKHHE-UHFFFAOYSA-N,Cc1cn(-c2ccc(COc3cncc4nnc(-c5ccc(C(F)(F)F)cc5)n34)cc2)cn1,0.3986937999725342,0.427268922328949,0.0,9.90731400521465
XPFVNBWVKCNXMP-UHFFFAOYSA-N,OCc1cc(-c2nnc3cncc(OCCc4coc(C(F)(F)F)n4)n23)ccc1Cl,-0.17293307185173035,0.38516902923583984,0.0,2.804481650617215
DYNRFVQDDKKSGF-UHFFFAOYSA-N,Cc1coc(C)c1COc1cncc2nnc(-c3ccc(C(C)(O)c4ccccc4)c(F)c3)n12,-0.032852932810783386,0.5069108009338379,1.0,4.7904778612474335
KTQODTARHRHFKT-UHFFFAOYSA-N,FC(F)(F)c1cccc(COc2cncc3nnc(-c4ccc(Cl)c(N5CCOCC5)c4)n23)c1,-0.2566255033016205,0.47428053617477417,0.0,2.094298425995979
USOMQWVXWIRGSI-UHFFFAOYSA-N,CC(O)(c1ccccc1)c1ccc(-c2nnc3cncc(OCCc4ccsc4)n23)cc1F,-0.20941780507564545,0.4419362545013428,0.0,2.5146432048249316
OBJHSMQMUSMWRZ-UHFFFAOYSA-N,FC(F)(F)c1cccc(COc2cncc3nnc(-c4ccc5c(c4)OCCO5)n23)c1,-0.5516328811645508,0.6571653485298157,1.0,0.9982856510593243
RYAYRCKTSUPEBK-UHFFFAOYSA-N,O=C(NC1CCC1(F)F)c1ccc(-c2nnc3cncc(OCc4ccc(C(F)(F)F)o4)n23)cc1,0.22207558155059814,0.4884616732597351,0.0,9.779788653304308
TUSMZJOFHUWNRL-UHFFFAOYSA-N,Cc1cc2ccc(-c3nnc4cncc(OCc5ccc(C(F)(F)F)o5)n34)cc2cn1,-0.23194070160388947,0.40013962984085083,0.0,2.3060677373189
CVFVVFIUOUXONI-UHFFFAOYSA-N,FC(F)Oc1cccc(COc2cncc3nnc(-c4ccc(OC5CCOC5)cc4)n23)c1,-0.592772901058197,0.7110365629196167,1.0,0.8692222974737744
JTZWEZVQPLRJDD-UHFFFAOYSA-N,FC(F)(F)c1cc(COc2cncc3nnc(-c4ccc5c(c4)OCO5)n23)co1,-0.11946041136980057,0.5962544679641724,1.0,3.487322581395856
NOSZELIYAXHAGC-UHFFFAOYSA-N,FC(F)(F)c1ccc(COc2cncc3nnc(-c4ccc(-c5ncco5)cc4)n23)o1,-0.028970839455723763,0.4481155276298523,0.0,4.800484392025782
JDMXYAJCUXVNQY-UHFFFAOYSA-N,FC(F)(F)c1cc(COc2cncc3nnc(-c4ccc(COC5COC5)cn4)n23)ccc1Cl,0.09290485829114914,0.511353611946106,1.0,6.890470763069628
AAVLPLKDZIDVRD-UHFFFAOYSA-N,CC(O)c1ccc(-c2nnc3cncc(OCc4ccc(-c5ccsc5)o4)n23)cc1F,0.22912737727165222,0.4422137439250946,0.0,9.78520991945227
AVUHYZLJKAEPNV-UHFFFAOYSA-N,Cc1cocc1CCOc1cncc2nnc(-c3ccc(-c4cccc(C#N)c4)cc3F)n12,-0.08889049291610718,0.5016335844993591,1.0,3.8938328803771114
GZWCBRZSBZQYPH-UHFFFAOYSA-N,Fc1ccc(-c2nnc3cncc(OCc4ccc(C(F)(F)F)o4)n23)cc1-c1ccno1,-0.11171448975801468,0.4249039888381958,0.0,3.633535065907827
SNIOUJFLMPJSFS-UHFFFAOYSA-N,CC(O)(c1ccc(-c2nnc3cncc(OCCc4ccsc4)n23)cc1F)C1CCC1,0.13278931379318237,0.30550894141197205,0.0,8.169313690645835
FQXLPMDPDOLUMF-UHFFFAOYSA-N,FC(F)(F)c1ccc(COc2cncc3nnc(-c4ccc(-c5ccco5)nc4)n23)o1,0.3551071882247925,0.34650206565856934,0.0,9.875307790508106
XKUMKCXWDYIFDY-UHFFFAOYSA-N,O=C(c1ccc(-c2nnc3cncc(OCc4csc(C(F)(F)F)c4)n23)cc1)N1CC(F)(F)C1,-0.09976992011070251,0.6231376528739929,1.0,3.7861472305899873
HNHACOMYEBITQZ-UHFFFAOYSA-N,OCc1ccc(-c2cccc(-c3nnc4cncc(OCc5ccc(C(F)(F)F)o5)n34)c2)cn1,0.4741436839103699,0.46805429458618164,0.0,9.95128626382011
FQFCDQWJEHBTDI-UHFFFAOYSA-N,Fc1cc(COc2cncc3nnc(-c4ccc5c(c4)OCO5)n23)ccc1C(F)(F)F,-0.637743353843689,0.7220656275749207,1.0,0.7791834713233282
IIASVDYTBYLYCK-UHFFFAOYSA-N,FC(F)(F)c1cc(COc2cncc3nnc(-c4cccc(-c5ncco5)c4)n23)co1,-0.0029986100271344185,0.37870949506759644,0.0,4.958405307671521
XIIJKVCWMLWJOO-UHFFFAOYSA-N,Fc1ccc(-c2nnc3cncc(OCc4ccc(C(F)(F)F)o4)n23)cc1-c1ncco1,-0.21161100268363953,0.40045857429504395,0.0,2.504578114772786
HKOKCCGNQDMBLK-UHFFFAOYSA-N,OCc1ccc(-c2nnc3cncc(OCc4ccc(COc5ccc(F)cc5)s4)n23)cc1,-0.24544429779052734,0.7018775939941406,1.0,2.1500038589172945
WJEYTRYCMOFPQD-UHFFFAOYSA-N,FC(F)(F)Oc1ccc(-c2nnc3cncc(OCc4ccc(-c5ccon5)s4)n23)cc1,-0.06915346533060074,0.6155955195426941,1.0,4.083718273919053
DIZRBJHRSFPBDO-UHFFFAOYSA-N,FC(F)(F)Oc1ccc(-c2nnc3cncc(OCc4ccc(-c5cnco5)s4)n23)cc1,0.1207427978515625,0.5623325109481812,1.0,7.968946123872128
MMDYBWOVAIFIFU-UHFFFAOYSA-N,FC(F)(F)c1ccc(-c2nnc3cncc(OCc4cc5c(cc4Cl)OCO5)n23)cc1,-0.3512197732925415,0.6325453519821167,1.0,1.6683824564126537
FOQTYDNGDWMYCD-UHFFFAOYSA-N,Fc1cc(-c2cnco2)ccc1-c1nnc2cncc(OCc3ccc(C(F)(F)F)o3)n12,0.10405377298593521,0.40302765369415283,0.0,7.096176921376304
CPBKRQSBNIDTLI-UHFFFAOYSA-N,FC(F)Oc1cc(-c2nnc3cncc(OCc4ccccc4C(F)(F)F)n23)ccn1,-0.6301945447921753,0.6340315341949463,1.0,0.8089927583495022
LPPZFIKWPNVGHT-UHFFFAOYSA-N,FC(F)(F)C(F)(F)CCOc1cncc2nnc(-c3cccc(-c4cocn4)c3)n12,-0.23663322627544403,0.5806542634963989,1.0,2.2595290397772305
FHVQAHAKJAVVRA-UHFFFAOYSA-N,Cc1cc(OC2COC2)ccc1-c1nnc2cncc(OCCc3ccc(C(F)(F)F)nc3)n12,0.5486892461776733,0.34819650650024414,0.0,10.002843884506058
VQPLVJPEVCEXHJ-UHFFFAOYSA-N,Cc1cc(-c2nnc3cncc(OCc4ccc(-n5cc(C(F)F)oc5=O)o4)n23)ccc1Cl,0.1315818876028061,0.323865681886673,0.0,8.124387991030604
QPTZHRHDJXZRIN-UHFFFAOYSA-N,FC(F)(F)Oc1ccc(-c2nnc3cncc(OCc4cc(-c5ccsc5)on4)n23)cc1,0.1279829889535904,0.5090434551239014,1.0,7.999999482527477
JKOOBWUAMYHNER-UHFFFAOYSA-N,FC(F)(F)c1cc(COc2cncc3nnc(-c4ccc5ncccc5c4)n23)co1,0.12313118577003479,0.3313787877559662,0.0,7.999987255729577
OSLNXDNHFRFNRV-UHFFFAOYSA-N,OCc1ccc(Oc2ccc(-c3nnc4cncc(OCCc5ccsc5)n34)cc2)cc1,0.09277511388063431,0.5860084891319275,1.0,6.889258679788022
ZRPWVOCPEDNYOT-UHFFFAOYSA-N,Fc1ccc(CCOc2cncc3nnc(-c4ccc(OC5COCO5)cc4)n23)cc1C(F)(F)F,-0.774574875831604,0.6761001348495483,1.0,0.5691366950935647
VXPIILFDZWMJET-UHFFFAOYSA-N,CC(C)(O)c1ccc(-c2nnc3cncc(OCc4ccc(C(F)(F)F)o4)n23)c2coc-2c1,0.19104188680648804,0.4693276286125183,0.0,9.546344559658383
HNZCBLSIYIJHPM-UHFFFAOYSA-N,O=C(NCC1COC1)c1ccc(-c2nnc3cncc(OCc4ccc(C(F)(F)F)cc4)n23)c(F)c1,0.1976175755262375,0.4981943368911743,0.0,9.609879860059559
DKYMDAVIUYSOPZ-UHFFFAOYSA-N,COc1cc(-c2nnc3cncc(OCCc4ccco4)n23)c(F)cc1-c1ccccc1F,0.06979165226221085,0.5620800256729126,1.0,6.196279987371755
CBVAWVJBHNFWAI-UHFFFAOYSA-N,N#Cc1ccc(NCCOc2cncc3nnc(-c4ccc(Cl)cc4C(F)F)n23)cc1,-0.1239541694521904,0.523718535900116,1.0,3.397079117104236
XDCXDYOEYZCQMV-UHFFFAOYSA-N,O=C(c1ccc(-c2nnc3cncc(OCc4ccc(C(F)(F)F)cc4)n23)cc1F)N1CCOCC1,0.22079528868198395,0.4273650646209717,0.0,9.778805561835153
IJVZATQYKCAADJ-UHFFFAOYSA-N,N#Cc1ccc(COc2cncc3nnc(-c4ccc(C(O)(F)C5CCCC5)cc4)n23)c(F)c1,-0.2933543026447296,0.5292995572090149,1.0,1.9922870741095742
FLSQQDMVKSRLAL-UHFFFAOYSA-N,FC(F)Oc1cc(-c2nnc3cncc(OCc4ccsc4)n23)ccc1-c1cnco1,0.2020532637834549,0.5367649793624878,1.0,9.65615011465714
HENYPGWADCPRIC-UHFFFAOYSA-N,CC(CCOc1cncc2nnc(-c3ccc(C(=O)NC4(C)CC4)cc3F)n12)C(F)(F)F,0.42462557554244995,0.34118449687957764,0.0,9.926067398232808
CCYAYDSUBWNJKI-UHFFFAOYSA-N,OCc1ccc(-c2nnc3cncc(OCc4cccc(OCc5ccccc5F)c4)n23)cc1,-0.1973903626203537,0.5997207164764404,1.0,2.597173151391088
FOYJXEULNQBSTK-UHFFFAOYSA-N,OC(c1ccc(-c2nnc3cncc(OCc4cccc(C(F)(F)F)c4)n23)nc1)C1CC1,0.08682870119810104,0.5228888392448425,1.0,6.799061214754249
CCVWLSJBVMMMMM-UHFFFAOYSA-N,COc1cc(CCOc2cncc3nnc(-c4cc(F)c5cc(F)ccc5c4)n23)ccc1F,-0.8092136979103088,0.8090499043464661,1.0,0.5289996013488844
JYWSRUFOHCXARB-UHFFFAOYSA-N,OCc1cc(-c2nnc3cncc(OCc4csc(C(F)(F)F)n4)n23)ccc1Cl,-0.0669010654091835,0.5204141736030579,1.0,4.099531168825672
LJFMDGJZWVOZLF-UHFFFAOYSA-N,O=C(NC1CC1)c1ccc(-c2nnc3cncc(Oc4ccc(C(F)(F)F)cc4)n23)cc1,0.017409607768058777,0.4955226182937622,0.0,5.364093904790509
OAXHRWSAHAKGJQ-UHFFFAOYSA-N,FCc1cc(COc2cncc3nnc(-c4ccc(C(F)(F)F)nc4)n23)ccc1F,-0.9305993318557739,0.6638414263725281,1.0,0.4300293079940146
HIXOGVRCPPLWAN-UHFFFAOYSA-N,OCc1ccc(-c2cccc(-c3nnc4cncc(OCc5ccc(C(F)(F)F)cc5)n34)c2)cn1,0.20965567231178284,0.5443792939186096,1.0,9.7352530302846
XXFAJZINNMAOPF-UHFFFAOYSA-N,Fc1cc(-c2nnc3cncc(OCCc4ccsc4)n23)ccc1-c1ccsn1,0.20546315610408783,0.31015241146087646,0.0,9.68488594047662
FUBHABPEQKEKDT-UHFFFAOYSA-N,COC(F)(F)c1ccc(-c2nnc3cncc(OCc4ccc(C5CCOCCO5)cc4F)n23)cc1,-0.4238469898700714,0.5627919435501099,1.0,1.3529669572829541
RGJYEFOCZFYPJG-UHFFFAOYSA-N,CN1CC(OCc2ccc(-c3nnc4cncc(OCc5ccc(Cl)c(C(F)(F)F)c5)n34)cc2)C1,-0.40883028507232666,0.5653531551361084,1.0,1.4414011568689473
GCRBMBNGAOZPLW-UHFFFAOYSA-N,OC1COCCN(Cc2ccc(-c3nnc4cncc(OCc5ccc(C(F)(F)F)o5)n34)c(F)c2)C1,0.4863737225532532,0.4078720211982727,0.0,9.959873525713629
YHYUZTBUCOYQEU-UHFFFAOYSA-N,OCc1cc(-c2nnc3cncc(OCc4ccnc(C(F)(F)C(F)F)c4)n23)ccc1Cl,-0.6148788928985596,0.6436589360237122,1.0,0.8361309554102421
BRKYXPSHQNCWHH-UHFFFAOYSA-N,O=C(c1ccc(-c2nnc3cncc(OCCc4cccc(C(F)(F)F)c4)n23)cc1)N1CC(F)(F)C1,-0.44108903408050537,0.6206468343734741,1.0,1.3238642739361086
PTYVFWXJVPAEQH-UHFFFAOYSA-N,Cc1cc(-c2ccc(-c3nnc4cncc(OCCc5ccsc5)n34)c(F)c2)no1,0.6557090878486633,0.23597881197929382,0.0,10.073220318118787
PQUUVOCUEHITHR-UHFFFAOYSA-N,FC(F)(F)c1ccc(OCC2COCCO2)c(-c2nnc3cncc(OCCc4ccsc4)n23)c1,0.21627911925315857,0.4011278748512268,0.0,9.77532890855254
MNFSQQZZLMGKPV-UHFFFAOYSA-N,Cc1nscc1CCOc1cncc2nnc(-c3ccc(OC(F)(F)F)c(C4CC4)c3)n12,-0.037317607551813126,0.3862178325653076,0.0,4.7418479648795016
UWTCJOKHGFXFNP-UHFFFAOYSA-N,O=C(NC1CCC1(F)F)c1ccc(-c2nnc3cncc(OCc4cccc(C(F)(F)F)c4)n23)cc1,-0.4638975262641907,0.7160381078720093,1.0,1.2391916211794405
FWIOAAGPLPVPLM-UHFFFAOYSA-N,CC(O)(c1ccc(-c2nnc3cncc(OCc4ccc(-n5cccc5)cc4)n23)c(F)c1F)C1COC1,0.3693998456001282,0.4012911915779114,0.0,9.885828800722317
OTDHMSYNJDZMQE-UHFFFAOYSA-N,O=C(c1ccc(-c2nnc3cncc(OCc4ccc(C(F)(F)F)s4)n23)cc1F)N1CCOCC1,0.07997758686542511,0.46419382095336914,0.0,6.614725182441564
ZAIFIQBUKVPIEB-UHFFFAOYSA-N,CC(O)(c1ccc(-c2nnc3cncc(OCc4ccc(C(F)(F)F)o4)n23)c(F)c1)C1CCOCC1,0.26346543431282043,0.4471834897994995,0.0,9.806414628879295
FGHQZZGYGKAVOJ-UHFFFAOYSA-N,c1cc(COc2cncc3nnc(-c4ccc(OC5COC5)cc4)n23)cc(-c2ccon2)c1,0.2959667444229126,0.39010775089263916,0.0,9.831088436505631
KUXQEOXCGGQIKG-UHFFFAOYSA-N,O=C(NC1CCOCC1F)c1ccc(-c2nnc3cncc(OCc4ccc(Cl)cc4)n23)c(F)c1,0.039420027285814285,0.5461710095405579,1.0,5.583187341930208
TXJABBJYXZMBTH-UHFFFAOYSA-N,FC(F)(F)c1ccc(COc2cncc3nnc(-c4ccc(Cl)c(CN5CCOCCO5)c4)n23)o1,0.2032196819782257,0.3243620991706848,0.0,9.665981992449918
QIZOPVIDIYYFJX-UHFFFAOYSA-N,FC(F)Oc1cccc(-c2nnc3cncc(OCCc4ccsc4)n23)c1,-0.6213701367378235,0.6692374348640442,1.0,0.8269441224114837
HBCYXUIZUVJHRQ-UHFFFAOYSA-N,COc1ccc(-c2nnc3cncc(OCc4ccc(CO)cc4)n23)cc1-c1ccc(F)cc1,0.19864057004451752,0.6444257497787476,1.0,9.62321456252044
VVASVZGMVSKIIH-UHFFFAOYSA-N,CC(O)(c1ccc(-c2nnc3cncc(OCc4ccc(OC(F)F)cc4)n23)cc1)C1CCOCC1,-0.3828440308570862,0.6600918769836426,1.0,1.5912048318008423
FRRPOMBMIVPQOW-UHFFFAOYSA-N,Cc1noc(C)c1COc1cncc2nnc(-c3ccc(-c4ccccc4)c(F)c3)n12,0.2331816852092743,0.45525509119033813,0.0,9.788330473634497
BLMYFEFOHFUCQB-UHFFFAOYSA-N,O=C(NC1CCCOC1)c1ccc(-c2nnc3cncc(OCc4ccc(C(F)(F)F)cc4)n23)cc1F,0.07446714490652084,0.4848324656486511,0.0,6.398509921059482
YEMICVMLZPDOGE-UHFFFAOYSA-N,O=C(NC1COC1)c1ccc(-c2nnc3cncc(OCc4ccc(C(F)(F)C(F)(F)F)cc4)n23)s1,0.2745038866996765,0.44018542766571045,0.0,9.814815946725977
WVGJPSKLRSFQAM-UHFFFAOYSA-N,O=C(NC1CC1c1ccccc1)c1cncc2nnc(-c3ccc(OC(F)F)cc3)n12,-0.4892004728317261,0.5630035400390625,1.0,1.0980957331192975
ACIYZOVRQFGKRA-UHFFFAOYSA-N,Fc1c(Cl)cccc1CN1CCOC1COc1cncc2nnc(-c3ccc(OC(F)F)cc3)n12,-0.5228354334831238,0.5293164849281311,1.0,1.0500034954192945
DAUKQNKDLCZGBP-UHFFFAOYSA-N,CC1(C)OCC(CO)(c2ccc(Oc3cncc4nnc(-c5ccc(OC(F)F)cc5)n34)cc2)O1,-0.525387167930603,0.673000156879425,1.0,1.0499928713957212
MRWGLVKMQFQVHI-UHFFFAOYSA-N,CC(F)(COCc1ccccc1)c1cncc2nnc(-c3ccc(OC(F)F)cc3)n12,-0.6903148889541626,0.7561060190200806,1.0,0.6792727332016038
VJVCFMLMBOGCMA-UHFFFAOYSA-N,Cc1noc2cc(-c3nnc4cncc(OCCc5cc(F)c(F)c(F)c5)n34)ccc12,-0.14881817996501923,0.45223742723464966,0.0,3.0592649845301563
OQJJSVQPQBUKFX-UHFFFAOYSA-N,Fc1ccc(COc2cncc3nnc(Oc4ccc(C(F)(F)F)cc4)n23)cc1F,0.13287131488323212,0.5459779500961304,1.0,8.172364512205025
YCHHTPRYUKOPKE-UHFFFAOYSA-N,CC1(C)OCN(Cc2cncc3nnc(-c4ccc(OC(F)F)cc4)n23)c2ccccc21,0.00025283731520175934,0.5059949159622192,1.0,4.965775632762033
NRQFCJYRPVEREW-UHFFFAOYSA-N,FC(F)(F)c1cccc(Oc2cncc3nnc(CN4Cc5ccccc5C4)n23)c1,-0.5112798810005188,0.5551736950874329,1.0,1.059990230215658
FOLHKDBHQZJHNZ-UHFFFAOYSA-N,Cc1cc(C(F)(F)F)ncc1Oc1cncc2nnc(-c3ccc(OC(F)F)cc3)n12,-0.5512581467628479,0.6858717799186707,1.0,0.9992913804769379
NCBATHXXPYHHCP-UHFFFAOYSA-N,FC(F)Oc1ccc(Oc2cncc3nnc(-c4ccc(C(F)(F)F)nc4)n23)cc1,-0.40466541051864624,0.5975101590156555,1.0,1.4793045998549224
WVUHXOSWFKZCRP-UHFFFAOYSA-N,FC(F)Oc1ccc(-c2nnc3cncc(OC4COCc5ccc(OC(F)F)cc5C4)n23)cc1,-0.7872966527938843,0.7312737703323364,1.0,0.5506263900841569
QNVOHOQYSQPBEA-UHFFFAOYSA-N,OCC(NCc1cncc2nnc(-c3ccc(OC(F)F)cc3)n12)c1ccc(F)c(F)c1,-0.4410766363143921,0.5769686102867126,1.0,1.3238994616166526
LFFPMSHLQVTQCS-UHFFFAOYSA-N,O=C(c1cncc2nnc(-c3ccc(OC(F)F)cc3)n12)N1CC(c2ccc(F)c(F)c2)C1,-0.6859933137893677,0.5584341883659363,1.0,0.6896678832834577
NCRLGJSBGOQCQB-UHFFFAOYSA-N,Fc1cccc(C2COCCN2COc2cncc3nnc(-c4ccc(OC(F)F)cc4)n23)c1F,-0.8119499683380127,0.6969993710517883,1.0,0.5264707394745363
AIKBFZRIQZKBNI-UHFFFAOYSA-N,CC1(C)OCC(NC(=O)c2cncc3nnc(-c4ccc(OC(F)F)cc4)n23)(c2ccc(F)c(F)c2)CO1,-0.4584161043167114,0.6361143589019775,1.0,1.247461926317651
QHFVXHATRPJCGZ-UHFFFAOYSA-N,Cc1cc(C#CCOc2cncc3nnc(-c4ccc(OC(F)F)cc4)n23)ccc1Cl,-0.9516849517822266,0.8317329287528992,1.0,0.4123326146104177
FSKOAPLNZCJWEY-UHFFFAOYSA-N,Fc1ccc(CNc2cncc3nnc(-c4ccc(OC(F)(F)F)cc4)n23)cc1F,0.02030188776552677,0.6081146001815796,1.0,5.427364515957636
KXYKXTUCPOYXBF-UHFFFAOYSA-N,NC1(c2ccc(F)c(F)c2)CCC(Oc2cncc3nnc(-c4ccc(OC(F)F)cc4)n23)C1,-0.4787730574607849,0.6393263936042786,1.0,1.1468534376039312
GSNFVMUZWPUZPZ-UHFFFAOYSA-N,OCC(Oc1cncc2nnc(-c3ccc(OC(F)F)cc3)n12)c1c(Cl)ccc(F)c1Cl,-0.8525804877281189,0.7086676359176636,1.0,0.4720277820223366
NEHVECDBNBRASD-UHFFFAOYSA-N,FC(F)Oc1ccc(-c2nnc3cncc(OCCOC4CCc5ccccc54)n23)cc1,-0.8869975805282593,0.6506532430648804,1.0,0.4535988142439403
DJETWCRHYMJAQI-UHFFFAOYSA-N,OCC(COCc1ccccc1)COc1cncc2nnc(-c3ccc(OC(F)F)cc3)n12,-0.4759785830974579,0.6606196165084839,1.0,1.166890165271203
WMYCTFCPCDCOEK-UHFFFAOYSA-N,CC1(C)COC(COc2cncc3nnc(-c4ccc(OC(F)F)cc4)n23)(c2ccccc2)O1,-0.9629828333854675,0.7284871935844421,1.0,0.38953834734413917
CDXHHCAOMYLFSZ-UHFFFAOYSA-N,CC1Cc2ccccc2CN1C(CO)COc1cncc2nnc(-c3ccc(OC(F)F)cc3)n12,-0.11563067883253098,0.5952253341674805,1.0,3.5551197637283196
NETRSQXNGULXGJ-UHFFFAOYSA-N,Fc1ccc(CCOc2cncc3nnc(-c4ccc5[nH]ncc5c4)n23)cc1F,0.476869136095047,0.3093128800392151,0.0,9.953191907753899
QHRNTIQWDJTPNR-UHFFFAOYSA-N,Fc1ccc(CCOc2cncc3nnc(CN4Cc5ccc(OC(F)F)cc5C4)n23)cc1F,-0.4241085946559906,0.4713174104690552,0.0,1.3522199884547008
HFZYEHZXUHANIN-UHFFFAOYSA-N,CC1(C)C=C(CCOc2cncc3nnc(-c4ccc(OC(F)F)cc4)n23)COC(C)(C)O1,-0.23182035982608795,0.5440107583999634,1.0,2.3082662315178957
RQBYBEOAEZPZAF-UHFFFAOYSA-N,FC(F)Oc1ccc(-c2nnc3cncc(OCC4Cc5ccc(Cl)cc5O4)n23)cc1,-0.9205930233001709,0.7600156664848328,1.0,0.43411641951872226
OVQGAAZZQRWXSI-UHFFFAOYSA-N,OC1(c2cccc(F)c2)CC(Oc2cncc3nnc(-c4ccc(OC(F)F)cc4)n23)C1,-0.9761852622032166,0.7605490684509277,1.0,0.3824401348390397
CZVAUHBFGVQFBI-UHFFFAOYSA-N,OC(COCc1cncc2nnc(-c3ccc(OC(F)F)cc3)n12)c1ccc(F)cc1,-0.8521738052368164,0.7095451951026917,1.0,0.4724696155626029
GRIMDCHJZMFTQM-UHFFFAOYSA-N,O=C(Nc1cncc2nnc(-c3ccc(OC(F)F)cc3)n12)c1cccc(C(F)(F)F)c1,-0.6302995681762695,0.7539645433425903,1.0,0.8088579713831036
CSHWUASTSGMMJT-UHFFFAOYSA-N,O=C(Nc1cncc2nnc(-c3ccc(OC(F)F)cc3)n12)NC1CCc2ccc(OC(F)F)cc21,0.16816429793834686,0.5331593155860901,1.0,8.735255133465278
MSWFWYHGXSWDCE-UHFFFAOYSA-N,O=C1c2ccc(Oc3cncc4nnc(-c5ccc(Cl)cc5)n34)cc2CN1C(F)F,-0.6940565705299377,0.6845511198043823,1.0,0.673663806998285
BOANSYPYXFVRQG-UHFFFAOYSA-N,FC1(F)CCN(C(COc2cncc3nnc(-c4ccc(Cl)cc4)n23)c2ccccc2)C1,-0.7596231698989868,0.6340141892433167,1.0,0.5803466448304115
KJSIHFXTOYIFQL-UHFFFAOYSA-N,CC(NC(=O)COc1cncc2nnc(-c3ccc(OC(F)F)cc3)n12)c1ccc(F)c(F)c1,-1.0035275220870972,0.7225102782249451,1.0,0.37459005895938613
ZHYFSAMQSMUCGF-UHFFFAOYSA-N,CC1(C)c2cc(F)c(F)cc2N1C(=O)COc1cncc2nnc(-c3ccc(OC(F)F)cc3)n12,-0.5989300608634949,0.5970386862754822,1.0,0.8512836060302241
ZEQNVYSJCSDDET-UHFFFAOYSA-N,FC(F)Oc1ccc(-c2nnc3cncc(OCCc4cncc5ccccc45)n23)cc1,-0.4890075922012329,0.67664635181427,1.0,1.0991923696882093
FHUBOKVORCCZNZ-UHFFFAOYSA-N,OCC(COc1cncc2nnc(-c3ccc(-c4ccc(F)c(F)c4)cc3)n12)c1ccccc1,-0.5769708752632141,0.6334933042526245,1.0,0.910380945257596
PASAVNFYGXGLCJ-UHFFFAOYSA-N,N#Cc1ccc(C2=COC(COc3cncc4nnc(-c5ccc(OC(F)F)cc5)n34)CC2)cc1,-0.8313515186309814,0.7081747055053711,1.0,0.48474629232237443
YKJZHUQDOJGOAR-UHFFFAOYSA-N,CC1(C)CC(COc2cncc3nnc(-c4ccc(C#N)cc4)n23)(c2ccc(Cl)cc2)CO1,-0.5323194861412048,0.6570860743522644,1.0,1.0328204210314136
VCGOKFWNZQMTJO-UHFFFAOYSA-N,Fc1ccc2c(c1F)OCC2Cc1cncc2nnc(-c3ccc(OC(F)F)cc3)n12,-0.864570677280426,0.6863986253738403,1.0,0.4690586428597415
NRNHOJFRWAVDIH-UHFFFAOYSA-N,Fc1ccc(CCOc2cncc3nnc(CC4Cc5ccccc54)n23)cc1F,-0.16988414525985718,0.42776405811309814,0.0,2.827982766711998
BCLUFVKLLMYBGE-UHFFFAOYSA-N,Fc1cc(OC(F)F)ccc1CCc1cncc2nnc(-c3ccc(OC(F)F)cc3)n12,-0.8106062412261963,0.732352614402771,1.0,0.5277196665019952
DXDZOXHEYKCCNG-UHFFFAOYSA-N,Fc1ccc2c(c1)COC(COc1cncc3nnc(-c4ccc(OC(F)(F)F)cc4)n13)C2,-0.9509013295173645,0.7637271285057068,1.0,0.4141620273558526
XDVPEJSBNDHUIJ-UHFFFAOYSA-N,FC(F)Oc1ccc(-c2nnc3cncc(OCCc4coc5ccccc45)n23)cc1,-0.9007513523101807,0.6976244449615479,1.0,0.45015124782678445
WRVVRYAEJCDKEM-UHFFFAOYSA-N,Cn1c(-c2nnc3cncc(OCCc4cc(F)c(F)c(F)c4)n23)cc2ccccc21,-0.21746675670146942,0.37198352813720703,0.0,2.4999847381386715
DKXSRSNUYOEMLP-UHFFFAOYSA-N,OC(COc1cncc2nnc(-c3cn[nH]c3)n12)c1cc(Cl)ccc1OCc1ccccc1,0.1341671645641327,0.550789475440979,1.0,8.22057171496993
NRMLQAHSGQCWQK-UHFFFAOYSA-N,OCC(c1cccc2ccccc12)c1cncc2nnc(-c3ccc(OC(F)F)cc3)n12,-0.6516372561454773,0.6288321018218994,1.0,0.7296377597686753
QOXVVRFXRFCSLU-UHFFFAOYSA-N,COC(COc1nnc2cncc(Oc3ccc(C(F)(F)F)cc3)n12)c1ccccc1,0.21585330367088318,0.5816766023635864,1.0,9.775000571834482
RKMVBORGVQLVOD-UHFFFAOYSA-N,OC1(COc2cncc3nnc(-c4ccc(OC(F)F)cc4)n23)CCc2cc(F)c(F)cc21,-0.8258639574050903,0.718848466873169,1.0,0.49090598129019153
RDZSFTMTRLJJOZ-UHFFFAOYSA-N,Cc1cc2ccc(-c3nnc4cncc(OCCc5cccc(F)c5)n34)cc2o1,-0.39415955543518066,0.5424433946609497,1.0,1.5099457796042766
ZFCKLBVOZVZRQA-UHFFFAOYSA-N,O=C1c2cc(C(F)(F)F)ccc2CN1c1cncc2nnc(-c3ccc(OC(F)F)cc3)n12,-0.40701422095298767,0.6643624305725098,1.0,1.462220891113152
YGERQHOZNPSWLH-UHFFFAOYSA-N,O=C(COc1cncc2nnc(-c3ccc(OC(F)F)cc3)n12)NC1CCc2cc(Cl)ccc21,-0.9005595445632935,0.7035861015319824,1.0,0.45019117726766317
YYOVOIUBJLRHOX-UHFFFAOYSA-N,Fc1ccc(COc2cncc3nnc(N4Cc5ccc(Cl)cc5C4)n23)cc1F,-0.3853704333305359,0.4599772095680237,0.0,1.5838694036141685
NXZYPSPBHHXXIO-UHFFFAOYSA-N,O=C(Nc1ccc2c(c1)COC(F)(F)O2)c1cncc2nnc(-c3ccc(OC(F)F)cc3)n12,-0.4532778561115265,0.6012922525405884,1.0,1.264068816822215
SAONJEDUTMUFKT-UHFFFAOYSA-N,O=C(COc1cncc2nnc(-c3ccc(OC(F)F)cc3)n12)NCc1ccc2ccccc2c1,0.027979105710983276,0.5834600329399109,1.0,5.539492791509471
ISNVGUPFDWBHQQ-UHFFFAOYSA-N,O=C(c1cccc(F)c1Cl)N1CCc2ncc3nnc(-c4ccc(OC(F)F)cc4)n3c2C1,-0.005090702325105667,0.41288983821868896,0.0,4.957299213851191
FKYYIOMQHVCLNM-UHFFFAOYSA-N,Fc1ccc(COc2cncc3nnc(-c4ccc5[nH]c(C(F)(F)F)cc5n4)n23)cc1F,0.28075557947158813,0.2699200510978699,0.0,9.819553132222019
KSYCJTUPYOBXAC-UHFFFAOYSA-N,O=C(c1cncc2nnc(-c3ccc(OC(F)F)cc3)n12)N1CCc2cncc(C(F)(F)F)c2C1,0.28785425424575806,0.43280231952667236,0.0,9.82494430647445
DQOAONYPAFIQHT-UHFFFAOYSA-N,O=C(NC1Cc2ccccc2C1)c1cncc2nnc(-c3ccc(OC(F)F)c(Cl)c3)n12,-0.5065503120422363,0.6395288109779358,1.0,1.0599916945152277
GRJUKYUYACAQDI-UHFFFAOYSA-N,FC(F)Oc1ccc(-c2nnc3cncc(OCCn4ccc5ccccc54)n23)cc1,-0.6116673350334167,0.6357068419456482,1.0,0.8391335175686043
RTFMYRFDVXXVKR-UHFFFAOYSA-N,FC(F)Oc1ccc(-c2nnc3cncc(CCOc4cccc5cnccc45)n23)cc1,-0.11283528059720993,0.5756936073303223,1.0,3.610893701393913
XVZLKWVEUPCISF-UHFFFAOYSA-N,FC(F)Oc1ccc(-c2nnc3cncc(Nc4ccnc(C(F)(F)F)c4)n23)cc1,0.25890448689460754,0.5450088977813721,1.0,9.80294735913204
NCZYYPWWZKTZQE-UHFFFAOYSA-N,Fc1ccc2c(c1)CC(Oc1cncc3nnc(-c4ccc(OC(F)F)cc4)n13)C2,-0.9306635856628418,0.7679708003997803,1.0,0.4300135974093016
WTQUPRNKYZBYLY-UHFFFAOYSA-N,OCC(COc1cncc2nnc(Oc3ccc(C(F)(F)F)nc3)n12)c1ccccc1F,-0.11199972778558731,0.5770851969718933,1.0,3.627772634050533
PNRCWSCIDZEJCM-UHFFFAOYSA-N,FC(F)Oc1ccc(-c2nnc3cncc(OC4CCOC4c4ccccc4)n23)cc1,-0.9091954231262207,0.7424905300140381,1.0,0.44090268510365765
KXCVASQZRASMEJ-UHFFFAOYSA-N,O=C(NCC1(c2ccc(F)c(F)c2)OCCO1)c1cncc2nnc(-c3ccc(OC(F)F)cc3)n12,-0.6324334740638733,0.598464846611023,1.0,0.8061212510489483
PENQLESDIZJSPR-UHFFFAOYSA-N,Fc1cc2c(cc1F)C(COc1cncc3nnc(-c4ccc(OC(F)F)cc4)n13)C2,-0.898731529712677,0.7180967330932617,1.0,0.4505720690459215
OFGXSLAPWCVWSJ-UHFFFAOYSA-N,Cn1ccc2cc(CCOc3cncc4nnc(-c5ccc(OC(F)F)cc5)n34)cc(F)c21,-0.8726619482040405,0.6631289124488831,1.0,0.46039411185932777
UBTTZXMRXVDQDY-UHFFFAOYSA-N,FC(F)Oc1ccc(-c2nnc3cncc(COc4ccnc(C(F)(F)F)c4)n23)cc1,-0.632770299911499,0.7019632458686829,1.0,0.8056896111823929
QRZOVJOEQQGBPE-UHFFFAOYSA-N,FC(F)Oc1ccc(-c2nnc3cncc(CCOc4cccc(C(F)(F)F)n4)n23)cc1,-0.4313768744468689,0.5826365947723389,1.0,1.3400062378228585
YMNLLUJDURGLFY-UHFFFAOYSA-N,O=C(COc1cncc2nnc(-c3ccc(OC(F)F)cc3)n12)N1Cc2cccc(Cl)c2C1,-0.48542580008506775,0.6238871812820435,1.0,1.119575666665473
MWGSKGAMHCSBKL-UHFFFAOYSA-N,Fc1ccc(CCOc2cncc3nnc(-c4ccc(C(F)(F)F)cn4)n23)cc1F,-0.773300290107727,0.5574269890785217,1.0,0.5704357227950317
NOGYHYWDWQDOKD-UHFFFAOYSA-N,O=C(c1ccc(F)c(F)c1)N1CC(Oc2cncc3nnc(-c4ccc(OC(F)F)c(F)c4)n23)C1,-0.3173518776893616,0.5331831574440002,1.0,1.8229475326145714
UCTASMDUBZYOHN-UHFFFAOYSA-N,OC1(c2ccccc2F)CCN(c2cncc3nnc(-c4ccc(OC(F)(F)F)cc4)n23)C1,0.018383776769042015,0.5142993927001953,1.0,5.3868951825341505
VOXSIFVLIAZELH-UHFFFAOYSA-N,Fc1cccc(COCCOc2cncc3nnc(-c4ccc(OC(F)F)cc4)n23)c1,-0.9452661871910095,0.6861344575881958,1.0,0.42290007792800255
IJKWQNWIHTWWGX-UHFFFAOYSA-N,COc1ccc2c(c1)C=C(COc1cncc3nnc(-c4ccc(OC(F)F)cc4)n13)CC2,-0.5201050043106079,0.6909664869308472,1.0,1.0518668022954685
GEKOSGAVJFYHJP-UHFFFAOYSA-N,Cc1cncc2nnc(-c3ccc(OC(F)F)cc3Oc3ccc(F)c(F)c3)n12,-0.29825058579444885,0.5779191851615906,1.0,1.9834896510776627
KESNRMQFFZRNJH-UHFFFAOYSA-N,FC(F)Oc1ccc(-c2nnc3cncc(OCC4OCOc5ccccc54)n23)cc1,-0.7849829196929932,0.6977146863937378,1.0,0.5526708709117549
DBHDRAZFKJUPJJ-UHFFFAOYSA-N,COc1c(OCc2cccc3occc23)ncc2nnc(-c3ccc(OC(F)F)cc3)n12,-0.11385614424943924,0.6674115657806396,1.0,3.5902734808452976
LQQGCTGOMQHUHC-UHFFFAOYSA-N,Fc1ccc(CCOc2cncc3nnc(-c4ccc(C(F)(F)F)[nH]4)n23)cc1F,0.022733749821782112,0.3921791911125183,0.0,5.4746507294411915
GYLYNXNFHHRJOO-UHFFFAOYSA-N,COC(CO)(c1ccc(F)c(F)c1)c1cncc2nnc(-c3ccc(OC(F)F)cc3)n12,-0.8370879888534546,0.6573137044906616,1.0,0.48295911647043765
QVPCIMQBHFJZEM-UHFFFAOYSA-N,Fc1ccc(-c2nnc3cncc(OCCNC4CCC(c5ccccc5)CC4)n23)cc1F,0.09547102451324463,0.32614612579345703,0.0,6.914441077238375
VSQZPGBFBWPMFR-UHFFFAOYSA-N,OCC(Oc1cncc2nnc(-c3ccc(OC(F)F)cc3)n12)c1ccc2[nH]ccc2c1,-0.31731292605400085,0.5962644815444946,1.0,1.8229765338107513
UVSZQAMVVJXAKO-UHFFFAOYSA-N,FC(F)Oc1ccc(-c2nnc3cncc(N4Cc5ccc(C(F)(F)F)cc5C4)n23)cc1,-0.16676411032676697,0.5238842964172363,1.0,2.8533118143890297
OEZBQXNMTQGKMX-UHFFFAOYSA-N,COCCOc1ccc(F)c(Nc2cncc3nnc(-c4ccc(OC(F)F)cc4)n23)c1,0.46065130829811096,0.40374892950057983,0.0,9.942243754427139
RBXBNNUNRVZGHL-UHFFFAOYSA-N,Fc1ccc(CCOc2cncc3nnc(Nc4cc(OC(F)F)ccc4F)n23)cc1F,0.05987166240811348,0.5952212810516357,1.0,6.071599262695617
NHGPGKWZXWQABK-UHFFFAOYSA-N,FC(F)Oc1ccc(-c2nnc3cncc(Oc4ccc5c(c4)OCO5)n23)c(Cl)c1,-0.17731407284736633,0.6748889088630676,1.0,2.7707554155901617
YNTJXDBSLNNOPA-UHFFFAOYSA-N,OCC(COc1cncc2nnc(-c3ccnc(C(F)(F)F)c3)n12)c1ccc(F)c(F)c1,-0.8224745392799377,0.6178142428398132,1.0,0.5039993096542624
JREMDPMKCGBDGJ-UHFFFAOYSA-N,Fc1ccc(COCCOc2cncc3nnc(-c4cc5cc(Cl)ccc5[nH]4)n23)cc1F,-0.07154852151870728,0.3953515291213989,0.0,4.063315684900609
LNIOQXABRVSYEN-UHFFFAOYSA-N,O=C(Nc1ccc2c(c1)OC(F)OC2)c1cncc2nnc(-c3ccc(OC(F)F)cc3)n12,-0.32311323285102844,0.5989919304847717,1.0,1.747561259435824
UWTHSNYRADOUER-UHFFFAOYSA-N,FC(F)Oc1cccc(Oc2cncc3nnc(CC4COc5cc(Cl)ccc5C4)n23)c1,-0.19824950397014618,0.6645682454109192,1.0,2.5907170936220485
CYQLXVPPZWLVFP-UHFFFAOYSA-N,FC(F)Oc1ccc(-c2nnc3cncc(OCC4COc5cccc(C(F)(F)F)c54)n23)cc1,-0.9811638593673706,0.776117205619812,1.0,0.38200386326289243
JFRQTIWXODEBDT-UHFFFAOYSA-N,N#Cc1ccc(-c2nnc3cncc(OCCSCc4ccc(F)c(F)c4)n23)cc1,-0.7307398319244385,0.6450972557067871,1.0,0.6141646342980814
RSEGURSRRJDXNS-UHFFFAOYSA-N,O=C(NCc1cncc2nnc(-c3ccc(OC(F)F)cc3)n12)Nc1cccc(C(F)(F)F)c1,0.038028620183467865,0.5093307495117188,1.0,5.574888694676342
NXCRURMRROLBEU-UHFFFAOYSA-N,N#Cc1cc(C(=O)N(c2cncc3nnc(-c4ccc(C(F)(F)F)cc4)n23)C2CC2)ccc1F,-0.032709792256355286,0.544181764125824,1.0,4.79203709248383
ZDDCHAICJKLEDC-UHFFFAOYSA-N,FC(F)(F)c1ccc(-c2nnc3cncc(OCCc4ccc5ccccc5n4)n23)cc1,-0.45353105664253235,0.5613193511962891,1.0,1.2629979173493828
IFDYFDQAGRIADO-UHFFFAOYSA-N,FC1(F)CCc2cc(CCOc3cncc4nnc(-c5ccc(Cl)cc5)n34)ccc2O1,-0.9376875162124634,0.7671199440956116,1.0,0.43000694150920654
QSLVJBJOYRXUGQ-UHFFFAOYSA-N,Fc1cccc(OC(F)COc2cncc3nnc(-c4ccc(OC(F)F)cc4)n23)c1,-1.003772497177124,0.8339370489120483,1.0,0.37452066768318065
GTSACQXPQAJVMQ-UHFFFAOYSA-N,OCC(COc1cncc2nnc(-c3cnc(C(F)(F)F)c4ccccc34)n12)c1ccccc1,-0.5666145086288452,0.5964380502700806,1.0,0.9334799374402073
CAGGEIBFEUYVLT-UHFFFAOYSA-N,CC1(C)OCC1(c1ccccc1)c1cncc2nnc(-c3ccc(OC(F)F)cc3)n12,-0.4892675280570984,0.670356273651123,1.0,1.0977145100943562
DHWTXLRVABTKLD-UHFFFAOYSA-N,OCC(Nc1ccc(Cl)cc1F)c1cncc2nnc(-c3ccc(OC(F)F)cc3)n12,-0.4520483613014221,0.5901408195495605,1.0,1.2692706525340496
ATCZTTJFRGTUTI-UHFFFAOYSA-N,Fc1cc(-c2nnc3cncc(-c4ccc(OC(F)F)cc4)n23)ccc1OC(F)F,-0.4360617995262146,0.6942058801651001,1.0,1.338148441495703
OERKSSQWJYCZEZ-UHFFFAOYSA-N,FC(F)Oc1ccc(-c2nnc3cncc(OCC4COCN4Cc4ccccc4)n23)cc1,-0.18418462574481964,0.6574366092681885,1.0,2.6729928583575324
OMVWGKXRJBLLNL-UHFFFAOYSA-N,COc1cncc2nnc(COC(c3ccccc3)c3ccc(C(F)(F)F)cc3)n12,0.22744154930114746,0.48971912264823914,0.0,9.783911759202601
NHNQCGLGTCMWID-UHFFFAOYSA-N,OCC(COc1cncc2nnc(-c3ccc(F)cc3)n12)(c1ccccc1)c1ccc(F)c(F)c1,-0.8133636116981506,0.674079418182373,1.0,0.5251582988316423
DRJNFDSDVPMXSD-UHFFFAOYSA-N,OC(COc1cncc2nnc(-c3ccc(OC(F)F)cc3)n12)C1Cc2ccccc2O1,-0.7869812250137329,0.7870471477508545,1.0,0.5509048921459926
GPKCIFXTCIWBDV-UHFFFAOYSA-N,OCC(Cc1cccc(C(F)(F)F)c1)Nc1cncc2nnc(-c3ccc(OC(F)F)cc3)n12,0.03901562839746475,0.5326388478279114,1.0,5.58040797842739
KYZRTTPZEJWHAF-UHFFFAOYSA-N,CC(Oc1cncc2nnc(-c3ccc(OC(F)F)cc3)n12)C(c1ccccc1)N1CCOC1,-0.3511299192905426,0.6510754823684692,1.0,1.6684086050128724
CCEHAWZEJHEHKW-UHFFFAOYSA-N,FC(F)Oc1ccc(CCOc2cncc3nnc(-c4c[nH]c(C(F)(F)F)c4)n23)cc1,-0.29556384682655334,0.6353622078895569,1.0,1.9883154865573758
DKWBNXGBJQWYLI-UHFFFAOYSA-N,CC(C)(C(=O)OCc1cncc2nnc(-c3ccc(OC(F)F)cc3)n12)c1ccccc1,-0.034766554832458496,0.6345655918121338,1.0,4.769633477724044
UDJAVLABIWGMCV-UHFFFAOYSA-N,OCC(c1ccc(C(F)(F)F)cc1)c1nnc2cncc(Oc3ccc(F)c(F)c3)n12,-0.7975069880485535,0.7112475633621216,1.0,0.5382300445397195
YHRGNWLUSJGMHH-UHFFFAOYSA-N,Fc1cc2c(cc1F)CN(Cc1cncc3nnc(-c4ccc(OC(F)F)cc4)n13)CC2,-0.5226331353187561,0.4644489884376526,0.0,1.050004338285418
PYCBCUMPQODWCB-UHFFFAOYSA-N,O=C(Nc1cc(-c2nnc3cncc(OC(F)F)n23)ccc1Cl)c1cccc(OC(F)F)c1,-0.47131481766700745,0.741582989692688,1.0,1.2060057536670146
XTMLFNBIGBGANF-UHFFFAOYSA-N,CC1(C)OCc2c(COc3cncc4nnc(-c5ccc(OC(F)F)cc5)n34)cccc21,-0.8103818297386169,0.694141685962677,1.0,0.5279283783964663
JXBDSBQOJOOMJL-UHFFFAOYSA-N,FC(F)Oc1ccc(-c2nnc3cncc(Oc4ccc5c(c4)COCO5)n23)cc1,-0.38734638690948486,0.6204067468643188,1.0,1.5734308609124996
HYWOLEDCPGNXAJ-UHFFFAOYSA-N,FC(F)(F)c1nnc2cncc(OCCc3cccc(OCc4ccccc4)c3)n12,-0.005291048903018236,0.5510598421096802,1.0,4.957193290714302
XVOVAVIACDNKFU-UHFFFAOYSA-N,Fc1cc2c(cc1CCOc1cncc3nnc(-c4ccc(OC(F)F)cc4)n13)OCO2,-0.5103647708892822,0.724124550819397,1.0,1.059990278901342
UHGXYYQLHJJJDF-UHFFFAOYSA-N,FC(F)Oc1ccc(-c2nnc3cncc(Oc4cccc5c4OCO5)n23)cc1,-0.2820647358894348,0.6711348295211792,1.0,1.9999803469146897
UEWGEXNVVNXPDO-UHFFFAOYSA-N,O=C(NCc1cc(F)c(F)cc1F)c1nnc2cncc(OCc3ccc(F)c(F)c3)n12,0.2342490702867508,0.4563642740249634,0.0,9.789152105112388
LGGRUYGYKMPOOW-UHFFFAOYSA-N,OCC(COc1cncc2nnc(Oc3ccc(C(F)(F)F)cc3)n12)c1ccc(F)c(F)c1,-0.17439189553260803,0.6399861574172974,1.0,2.793246195636983
VLQDONWNVBKKHD-UHFFFAOYSA-N,O=C(NC1CCc2ccc(Cl)cc21)c1cncc2nnc(Oc3ccc(C(F)F)cc3)n12,-0.38655388355255127,0.5795735120773315,1.0,1.5804356998359712
UXVRQKKFRHKFAG-UHFFFAOYSA-N,O=C(Nc1cncc2nnc(-c3ccc(OC(F)F)cc3)n12)OCc1ccc(Cl)c(F)c1,-0.46346527338027954,0.721808910369873,1.0,1.2403330229933973
AYIPXFSURHJOAT-UHFFFAOYSA-N,COC(COc1cncc2nnc(-c3ccc4cc[nH]c4c3)n12)c1cccc(F)c1,-0.3831620514392853,0.5159456729888916,1.0,1.5902810653434452
UWJZMEKZTOKRNQ-UHFFFAOYSA-N,O=C(NC(CO)c1cncc2nnc(-c3ccc(OC(F)F)cc3)n12)c1ccc(F)c(Cl)c1,-0.8749117851257324,0.6822651624679565,1.0,0.4590203656436169
PVMMXUYXWMQALG-UHFFFAOYSA-N,O=C(NC(CO)c1cncc2nnc(-c3ccc(OC(F)F)cc3)n12)OCc1ccc(F)cc1,0.01518850028514862,0.6046959161758423,1.0,5.3121055294847075
ZNFMXIHTWARKNM-UHFFFAOYSA-N,Cc1noc2cc(-c3nnc4cncc(OCc5ccc(F)c(F)c5)n34)ccc12,-0.10548710823059082,0.38507091999053955,0.0,3.7166898188265747
ROHWLSMPNWYBFQ-UHFFFAOYSA-N,FC(F)Oc1ccc(-c2nnc3cncc(OC4COCCC4c4ccccc4)n23)cc1,-0.9186068177223206,0.7037901878356934,1.0,0.4350671177127169
GLHHIWSWLJVACE-UHFFFAOYSA-N,COc1cccc(CCCc2cncc3nnc(-c4cncc(OC(F)F)c4)n23)c1,0.4170810282230377,0.3546374440193176,0.0,9.92063997208808
BQEWQNYBORKIED-UHFFFAOYSA-N,O=C(OCc1cccc(F)c1)c1cncc2nnc(-c3ccc(OC(F)F)cc3)n12,-0.9299988746643066,0.7567287087440491,1.0,0.4302725445965072
KFDCSXNGSKLICW-UHFFFAOYSA-N,O=C(NCc1ccc(F)c(F)c1)c1cncc2nnc(Oc3ccc(C(F)(F)F)cc3)n12,-0.48736992478370667,0.6451753377914429,1.0,1.1085076089714934
AIAJTZQRNMFLAP-UHFFFAOYSA-N,OCC(COc1cncc2nnc(-c3ccc4nc(C(F)(F)F)ccc4c3)n12)c1ccccc1,-0.321554958820343,0.6449475288391113,1.0,1.7734727820361134
SJVCDUYDBQLPIJ-UHFFFAOYSA-N,Cc1cc(F)ccc1NC(=O)c1cncc2nnc(-c3cccc(OC(F)F)c3)n12,-0.4010685682296753,0.6193965673446655,1.0,1.5054971345245551
YMYLDBYQPNSCCX-UHFFFAOYSA-N,FC(F)Oc1ccc([C]CCOc2cncc3nnc(-c4ccc5cc[nH]c5c4)n23)cc1,-0.5269483923912048,0.5723797082901001,1.0,1.0499863783279122
RNUHIMSDHCMTPU-UHFFFAOYSA-N,Fc1ccc(CC2CN(c3cncc4nnc(-c5ccc(OC(F)F)cc5)n34)C2)cc1F,-0.006933692842721939,0.49175339937210083,0.0,4.951837259847844
PTDCZPJLHHYVFA-UHFFFAOYSA-N,Fc1cc(-c2nnc3cncc(OC4CN(Cc5cccc(F)c5Cl)C4)n23)ccc1OC(F)F,-0.5205418467521667,0.5642842054367065,1.0,1.051271276976291
CLPAHJUFDMBKMT-UHFFFAOYSA-N,Cc1ccc2cccc(COc3cncc4nnc(-c5ccc(OC(F)F)cc5)n34)c2n1,-0.5379459857940674,0.7347112894058228,1.0,1.013050926812889
WBHQFFMOCUXRKE-UHFFFAOYSA-N,CN1CC1(COc1cncc2nnc(-c3ccc(OC(F)F)cc3)n12)c1ccc(Cl)cc1,-0.5662543177604675,0.5761056542396545,1.0,0.9337685525387258
WEVFDHKYRUXROE-UHFFFAOYSA-N,FC(F)Oc1ccc(C#Cc2nnc3cncc(OCCc4cccc(Cl)c4)n23)cc1,-0.28936848044395447,0.6818466782569885,1.0,1.9968508891213128
QUCWCJDRXXIWSD-UHFFFAOYSA-N,FC(F)Oc1ccc(-c2nnc3cncc(OC4Cc5cc(Cl)ccc54)n23)cc1,-1.0533214807510376,0.7781238555908203,1.0,0.35838546655530956
HSTZAPIGVBZQCF-UHFFFAOYSA-N,Cc1ccc2c(COc3cncc4nnc(-c5ccc(OC(F)F)cc5)n34)cccc2n1,-0.6275490522384644,0.6847188472747803,1.0,0.8123909226480269
DUOPKJCFLXVTEX-UHFFFAOYSA-N,OCC(NCCc1ccc(F)c(F)c1)c1cncc2nnc(-c3ccc(OC(F)F)cc3)n12,-0.3446384072303772,0.5519130229949951,1.0,1.673184420450477
PNOJIRLHGMWWKM-UHFFFAOYSA-N,Fc1ccc2c(c1)CC(COc1cncc3nnc(-c4ccc(OC(F)F)cc4)n13)CC2,-0.9212561845779419,0.7045032978057861,1.0,0.43382946750304086
HMIDZVMFMOTITC-UHFFFAOYSA-N,Cc1cc(C(=O)N(C)c2cncc3nnc(-c4ccc(OC(F)(F)F)cc4)n23)c(C)n1C(F)F,0.31004419922828674,0.48928356170654297,0.0,9.84166878564292
GZVYNCWLRWGHLX-UHFFFAOYSA-N,CC(C)(C(=O)Nc1cncc2nnc(-c3ccc(OC(F)F)cc3)n12)c1ccc(F)c(F)c1,-0.07906298339366913,0.589430570602417,1.0,4.005779557398298
UGJCEKLSEBXTAL-UHFFFAOYSA-N,Fc1ccc(C2CN(Cc3cncc4nnc(-c5ccc(OC(F)F)cc5)n34)C2)cc1F,-0.48692846298217773,0.542312502861023,1.0,1.1110199676603483
MCBDKZIFRPPVPJ-UHFFFAOYSA-N,Fc1ccc(CC2CN(Cc3cncc4nnc(-c5ccc(OC(F)F)cc5)n34)C2)cc1F,-0.4295257329940796,0.511878252029419,1.0,1.3400070298743114
GJIXEEOFNQYYFV-UHFFFAOYSA-N,Fc1ccc(OCCc2cncc3nnc(-c4ccc(OC(F)F)cc4)n23)cc1F,-0.968248188495636,0.746674656867981,1.0,0.38508374912598364
DFJKWUPKWUVQQV-UHFFFAOYSA-N,Cc1cc(C(COc2cncc3nnc(-c4ccc(OC(F)F)cc4)n23)c2ccccc2)[nH]n1,0.012297900393605232,0.5816851258277893,1.0,5.244447354025075
GGKCKKCFLZHWNL-UHFFFAOYSA-N,Fc1ccc(CCOc2cncc3nnc(COc4ccccc4OC(F)F)n23)cc1F,-0.24365662038326263,0.6326267719268799,1.0,2.173976083370654
RBBOHQKGMICRIO-UHFFFAOYSA-N,Oc1ccc(-c2nnc3cncc(OC(F)F)n23)c(OCCc2ccccc2)c1,-0.40425530076026917,0.6024099588394165,1.0,1.482289137747993
FQDKQWIGKZPUIU-UHFFFAOYSA-N,OC(COCc1ccc2ccccc2c1)COc1cncc2nnc(-c3ccc(F)cc3)n12,-0.1841481328010559,0.5916726589202881,1.0,2.6736661357478644
REMKIDCFSCTKEK-UHFFFAOYSA-N,OC(COc1cncc2nnc(OCCc3ccccc3)n12)c1ccc(F)c(F)c1,0.6026372313499451,0.48228132724761963,0.0,10.038880941888799
ZQFRUMGBZWARJF-UHFFFAOYSA-N,O=C(Cc1ccc(Cl)cc1Cl)Oc1cncc2nnc(-c3ccc(OC(F)F)cc3)n12,-0.8640264868736267,0.7328839302062988,1.0,0.4696435733228696
OQZHWOIBVNXOEZ-UHFFFAOYSA-N,CCc1cncc2nnc(-c3ccc(OCCc4ccc(F)c(F)c4)cc3)n12,-0.47140005230903625,0.53858482837677,1.0,1.2052901057952776
DSUMGMLYPSJKDQ-UHFFFAOYSA-N,FC(F)Oc1ccc(-c2nnc3cncc(-c4cncc(C(F)(F)F)c4)n23)cc1,0.18174830079078674,0.4832354784011841,0.0,9.033739677340442
XENDFIMWNVIBJV-UHFFFAOYSA-N,O=C(NCCOc1cccc(F)c1)c1cncc2nnc(-c3ccc(OC(F)F)cc3)n12,-0.6455174684524536,0.6467105150222778,1.0,0.7354405068098165
FDZORDSJIXODNQ-UHFFFAOYSA-N,COc1ccc(-c2nnc3cncc(OCC(O)c4ccc5cc(F)c(F)cc5c4)n23)cc1,-0.4674410820007324,0.6980989575386047,1.0,1.224276601733658
RVLWBHXKNHBIEN-UHFFFAOYSA-N,Cc1ccc(-c2nnc3cncc(NCCOc4cccc(F)c4F)n23)cc1F,0.35372158885002136,0.3506488800048828,0.0,9.874279858152383
XLBDMEVOSGSVAV-UHFFFAOYSA-N,O=C(COc1cncc2nnc(-c3cncc(Cl)c3)n12)c1cccc(OC(F)F)c1,-0.15213945508003235,0.35866236686706543,0.0,3.040787104178582
LVCDLPRKGBMAKY-UHFFFAOYSA-N,Fc1ccc(CCOc2cncc3nnc(N4Cc5cc(F)c(F)cc54)n23)cc1F,-0.3140825927257538,0.4912388324737549,0.0,1.8253829020259185
XZKBVHUWXKIWLN-UHFFFAOYSA-N,FC(F)Oc1ccc(-c2nnc3cncc(OC4COCC(OCCc5ccccc5)C4)n23)cc1,-0.6240429878234863,0.6858397722244263,1.0,0.8204032344337179
KINQDIHSTXTJPJ-UHFFFAOYSA-N,Fc1ccc(CCOc2cncc3nnc(-c4ccc(OC(F)F)cc4)n23)c2ccncc12,-0.7902835607528687,0.6835976839065552,1.0,0.5479925754218332
QVXMEKJZHWMUID-UHFFFAOYSA-N,O=C(c1cncc2nnc(-c3ccc(OC(F)F)cc3)n12)N1CCC(F)(c2ccc(F)c(F)c2)C1,-0.5236217379570007,0.5333358645439148,1.0,1.0500002201642333
ZUFCRIQZARRYMF-UHFFFAOYSA-N,FC(F)Oc1ccc(-c2nnc3cncc(OCC(OC4CC4)c4ccccc4)n23)cc1,-0.8912315964698792,0.7544164657592773,1.0,0.4522180287902771
XDXHGCYWYLTVMY-UHFFFAOYSA-N,O=C(Nc1ccc(-c2nnc3cncc(C(F)(F)F)n23)cc1)c1ccc(OC(F)F)cc1,-0.19439899921417236,0.6943503022193909,1.0,2.619660404972484
CXIPLZNRGPAKHS-UHFFFAOYSA-N,CC(NC(=O)c1cncc2nnc(-c3ccc(OC(F)(F)F)cc3)n12)c1ccc(F)cc1Cl,-0.9163832068443298,0.784469485282898,1.0,0.4361335098854749
NVURWWHMEANHBE-UHFFFAOYSA-N,FC(F)Oc1ccc(-c2nnc3cncc(OC4CN(C5Cc6ccc(Cl)cc65)C4)n23)cc1,-0.762444257736206,0.6176717281341553,1.0,0.5785024758489523
KVFIXDHHGGETPI-UHFFFAOYSA-N,FC(F)Oc1ccc(-c2nnc3cncc(CN4COC(c5ccccc5)C4)n23)cc1,-0.014412034302949905,0.5206308364868164,1.0,4.876391483745327
TYFYIQQLQSYMLN-UHFFFAOYSA-N,FC(F)Oc1ccc(-c2nnc3cncc(OCC4=Cc5cc(Cl)ccc5OC4)n23)cc1,-0.745090663433075,0.7527737617492676,1.0,0.602406813331437
NPDRDXUMBNUYMR-UHFFFAOYSA-N,CC1(C)C=Cc2cc(-c3nnc4cncc(OCCc5ccc(F)c(F)c5)n34)ccc2O1,-0.37025052309036255,0.5315974354743958,1.0,1.6259805062445085
OPEVUDIGUZRRRI-UHFFFAOYSA-N,O=C(NC1COc2cc(Cl)ccc21)c1cncc2nnc(-c3ccc(OC(F)F)cc3)n12,-0.942295491695404,0.6885168552398682,1.0,0.4273652312766676
HFGAMTPHCSECJY-UHFFFAOYSA-N,O=C(COc1cncc2nnc(-c3ccc(OC(F)F)cc3)n12)NC1C=Cc2c1ccc(F)c2F,-0.5991891026496887,0.6242246031761169,1.0,0.8512170316678545
WQOKVHXGGKXYFS-UHFFFAOYSA-N,COc1ccc2c(c1)CCOC2COc1cncc2nnc(-c3ccc(OC(F)F)cc3)n12,-0.2799321115016937,0.6572434902191162,1.0,1.9999815726019847
DULIRKNOHUMUPM-UHFFFAOYSA-N,OC(COc1cncc2nnc(CCc3ccc(F)c(F)c3)n12)c1cccc(C(F)(F)F)c1,-0.561039388179779,0.6363887190818787,1.0,0.9641373767807493
AGQIITIUEXVGBY-UHFFFAOYSA-N,O=C(CCOc1cncc2nnc(-c3ccc(OC(F)F)cc3)n12)Nc1ccc(F)c(F)c1,-0.5946090221405029,0.671005129814148,1.0,0.8600636638215384
TUWZZMNZZKKBQS-UHFFFAOYSA-N,Cn1c(CCOc2cncc3nnc(-c4ccc(OC(F)F)cc4)n23)cc2ccc(F)cc21,-0.9768232703208923,0.672840416431427,1.0,0.3823846378066536
BLJGNCKWWGBCTC-UHFFFAOYSA-N,O=C(NC(Cc1cccc(F)c1)C1CC1)c1cncc2nnc(-c3ccc(OC(F)F)cc3)n12,-0.5345166921615601,0.5903155207633972,1.0,1.0221010296243023
UWGJDGRFWIJDHM-UHFFFAOYSA-N,COC(COc1cncc2nnc(-c3ccc(F)c(F)c3)n12)c1ccc(OC(F)F)cc1,-0.9777438640594482,0.7612861394882202,1.0,0.3823046210495406
UZBQVICNOQSNFR-UHFFFAOYSA-N,Fc1cccc(CN2CCC2c2cncc3nnc(-c4ccc(OC(F)F)cc4)n23)c1F,-0.47093555331230164,0.5540502667427063,1.0,1.209190484991242
AOYHHQDTFXBFQK-UHFFFAOYSA-N,O=C(Nc1ccn(C(F)F)c1)c1cncc2nnc(-c3ccc(OC(F)F)cc3)n12,-0.018359065055847168,0.5345684289932251,1.0,4.81895166900466
AJTNJHCZNRBWKY-UHFFFAOYSA-N,OCC(COc1cncc2nnc(-c3csc4ccc(F)cc34)n12)c1ccccc1,-0.3504379093647003,0.6212521195411682,1.0,1.6686100158923538
DRZFHEORIOCCIY-UHFFFAOYSA-N,CC(COc1cncc2nnc(-c3ccc(OC(F)F)cc3)n12)c1ccc[nH]1,-0.09080283343791962,0.5821835994720459,1.0,3.8744128345344233
BNZDVCFJFLITPJ-UHFFFAOYSA-N,N#Cc1ccc(Oc2cncc3nnc(-c4ccc(OC(F)F)cc4)n23)c(OC(F)F)c1,-0.9341772794723511,0.7409459352493286,1.0,0.4300102623621441
JXJWVXONTQIJGI-UHFFFAOYSA-N,O=C(NCc1cc(C(F)(F)F)ccn1)c1cncc2nnc(-c3ccc(OC(F)F)cc3)n12,-0.265001505613327,0.517400324344635,1.0,2.050746515239108
LGMRIEOIGLSPCY-UHFFFAOYSA-N,Fc1ccc(CN2CC(c3cncc4nnc(-c5ccc(OC(F)F)cc5)n34)C2)cc1F,-0.5150242447853088,0.5948730707168579,1.0,1.058803063970433
