InchiKey,smiles
GYDULKFNKUOCND-UHFFFAOYSA-N,FC(F)(F)c1ccc(COc2cncc3nnc(-c4ccc(OCCC5COC5)cc4)n23)o1
MOZKUDJIKFTJCE-UHFFFAOYSA-N,O=C(NC1COC1)c1ccc(-c2nnc3cncc(OCc4ccc(C(F)(F)F)o4)n23)c(F)c1
NWTCBDQTVVWXKM-UHFFFAOYSA-N,OCC(CCOc1cncc2nnc(-c3ccc(C(F)(F)c4ccccc4)o3)n12)C(F)(F)F
ZULAEQKVTNJJOS-UHFFFAOYSA-N,O=C(c1ccc(-c2nnc3cncc(OCc4ccc(C(F)(F)F)o4)n23)c(F)c1)N1CCOC1
KYAPMWWUIYKWLB-UHFFFAOYSA-N,CC(F)(CCOc1cncc2nnc(-c3ccc(F)c(OC(F)F)c3)n12)c1ccco1
YVTFHMGSDDPFGO-UHFFFAOYSA-N,FC(F)(F)c1cccc(COc2cncc3nnc(-c4ccc(OCC5CO5)cc4)n23)c1
NVFFEUACKTZNND-UHFFFAOYSA-N,CC(CCOc1cncc2nnc(-c3ccc(F)c(CO)c3)n12)Oc1ccc(C(F)(F)F)cc1
QDIUTPUVSFAJRA-UHFFFAOYSA-N,FC1(COc2ccc(-c3nnc4cncc(OCc5cccc(C(F)(F)F)c5)n34)cc2)COC1
MGEZLKBFAYUIBD-UHFFFAOYSA-N,OCc1cc(-c2nnc3cncc(OCCC(Cc4cccc(F)c4)C(F)(F)F)n23)ccc1F
XHOQJWKNGGLEFT-UHFFFAOYSA-N,CC(C)(CCOc1cncc2nnc(-c3ccc(COC4CCOC4)cc3)n12)C(F)(F)F
YVNMWGVTRMBRSD-UHFFFAOYSA-N,CC(O)(c1ccc(-c2nnc3cncc(OCc4ccc(C(F)(F)F)o4)n23)cc1)c1ccco1
KQKDMQBGIXMMJX-UHFFFAOYSA-N,O=C(c1ccc(-c2nnc3cncc(OCc4ccc(C(F)(F)F)cc4)n23)cc1F)N1CCOC1
NIIFZLXYNNSJQK-UHFFFAOYSA-N,O=C(NC1CC1)c1ccc(-c2nnc3cncc(OCCc4ccccc4C(F)(F)F)n23)c(F)c1
IEZPWDHPDYJNIB-UHFFFAOYSA-N,Cc1csc(N(C)C(=O)c2ccc(-c3nnc4cncc(OCCC(F)(F)F)n34)c(F)c2)c1
KYZKPDJOVOIMMA-UHFFFAOYSA-N,Fc1cc(-c2nnc3cncc(OCc4cccc(C(F)(F)F)c4)n23)ccc1OC1COCOC1
GCEZAPNMTUWTDY-UHFFFAOYSA-N,OCc1cc(-c2nnc3cncc(OCCC(F)(F)c4ccc(OC(F)F)cc4)n23)ccc1F
HJXINGPBGCJNPQ-UHFFFAOYSA-N,OC(c1ccc(-c2nnc3cncc(OCc4ccc(-c5ccco5)o4)n23)cc1)C(F)(F)F
BCXPBMIHCXMMFE-UHFFFAOYSA-N,CC(C)(O)CCOc1cncc2nnc(-c3ccc(OCc4ccccc4C(F)(F)F)cc3)n12
PYUPGGZQBQQMOW-UHFFFAOYSA-N,CC(O)(c1ccc(-c2nnc3cncc(OCc4ccc(Cl)s4)n23)cc1)c1ccoc1
HJQBIBWIVGMTLD-UHFFFAOYSA-N,FC1CCN(c2ccc(-c3nnc4cncc(OCc5cccc(C(F)(F)F)c5)n34)cc2)C1
GESRQJZAXLGYQR-UHFFFAOYSA-N,CC(O)(c1ccc(-c2nnc3cncc(OCCC(F)(F)C#Cc4ccccc4)n23)cc1)C1COC1
ZERMHPSEZUXNHD-UHFFFAOYSA-N,Cc1cc(-c2nnc3cncc(OCCC(F)(F)C(=O)Nc4cccc(Cl)c4)n23)ccc1F
VUCRJVWGYUAWGM-UHFFFAOYSA-N,OC(F)(CCOc1cncc2nnc(-c3ccc(F)c(OC(F)F)c3)n12)c1ccc(Cl)s1
UUIFHUWCMQHKKW-UHFFFAOYSA-N,CC(F)(F)CCOc1cncc2nnc(-c3ccc(Oc4cccc(CO)c4)cc3)n12
LPVKJKBJYQTJKD-UHFFFAOYSA-N,CC(C)(CCOc1cncc2nnc(-c3ccc(F)c(OC4COC4)c3)n12)C(F)(F)F
SUJCFZOFOJAUOX-UHFFFAOYSA-N,CC(O)(c1ccccc1)c1ccc(-c2nnc3cncc(OCCC(F)(F)F)n23)cc1F
HDJJSCNCPIJFRV-UHFFFAOYSA-N,OCc1cc(-c2nnc3cncc(OCCC(COc4ccccc4)C(F)(F)F)n23)ccc1Cl
MWTSVARJYVBHCO-UHFFFAOYSA-N,O=C(NC1COC1)c1ccc(-c2nnc3cncc(OCCc4ccc(C(F)(F)F)cc4)n23)c(F)c1
ATINFPVFBXWKEG-UHFFFAOYSA-N,CC(C)(O)CCOc1cncc2nnc(-c3ccc(C(F)F)cc3OCc3ccccc3)n12
IUYOJFXRBKCNJR-UHFFFAOYSA-N,CC(F)(CCOc1cncc2nnc(-c3ccc(OCc4ccncc4)cc3)n12)C(F)(F)F
VOJKGBWROZHRTI-UHFFFAOYSA-N,O=C(NCc1cc(-c2nnc3cncc(OCCC(F)(F)F)n23)ccc1Cl)c1ccccc1F
SOVXFBAOPFYNTB-UHFFFAOYSA-N,O=C(NCc1ccc(Cl)cc1)c1ccc(-c2nnc3cncc(OCCC(F)(F)F)n23)c(F)c1
JSIHIZBKZYUJAP-UHFFFAOYSA-N,N=c1ccc(-c2nnc3cncc(OCc4ccc(C(F)(F)F)cc4)n23)cs1
CIQRRCNDYQFHAR-UHFFFAOYSA-N,CC(CCOc1cncc2nnc(-c3ccc4c(c3)CCC(C)(C)O4)n12)C(F)(F)F
MJUIETXURNOZIG-UHFFFAOYSA-N,Cc1cc(-c2cc(-c3nnc4cncc(OCCC(C)(F)F)n34)no2)ccc1Cl
ANDWTDNRSOANET-UHFFFAOYSA-N,Cc1cc(-c2nnc3cncc(OCCC(C)C(F)(F)F)n23)ccc1OC(F)F
JWVSTJPPZJOCJO-UHFFFAOYSA-N,COc1cc(-c2nnc3cncc(OCCCO)n23)ccc1-c1ccc(C(F)(F)F)cc1
BMKILBFYTGFTQU-UHFFFAOYSA-N,OCc1cc(-c2nnc3cncc(OCCC#Cc4ccc(Cl)cc4)n23)ccc1Cl
SUVBMTMLOFZUMI-UHFFFAOYSA-N,Cc1cc(C(F)(F)F)ncc1Cc1cncc2nnc(-c3ccc(OC(F)F)cc3)n12
QTCAHMRUZMTCLN-UHFFFAOYSA-N,O=C(NC1CC1)c1ccc(-c2nnc3cncc(Cc4cc(F)cc(C(F)(F)F)c4)n23)cc1F
IOJDFHGSQLNFOY-UHFFFAOYSA-N,FC(F)(F)c1cc(-c2nnc3cncc(OCc4cnc(Cl)cn4)n23)ccc1Cl
MBUFXRPOBIEDJI-UHFFFAOYSA-N,O=C(NC1CC1)c1ccc(-c2nnc3cncc(-c4cc(Cl)ccc4OC(F)F)n23)cc1F
DHSZMNRICAMNSL-UHFFFAOYSA-N,Cc1ccc(-c2cccc(-c3nnc4cncc(COCc5cc(F)cc(F)c5)n34)c2)nn1
QSHJXMOJCLXQGN-UHFFFAOYSA-N,Cc1cccc(-c2cc(-c3nnc4cncc(OCc5ccc(F)c(F)c5F)n34)nn2C)c1
VXGFKKMBYUZSIC-UHFFFAOYSA-N,Cc1cc(-c2cccc(-c3nnc4cncc(OCc5ccc(Cl)c(F)c5)n34)c2)n(C)n1
SNVBTOWNGYNIOW-UHFFFAOYSA-N,Cc1nncc(-c2ccc(F)c(COc3cncc4nnc(-c5ccccc5F)n34)c2)c1C
UYSBOBDIMIRFGS-UHFFFAOYSA-N,CCn1nc(C)cc1-c1cccc(COc2cncc3nnc(-c4ccc(F)cc4F)n23)c1
YPLQADXXBVLCEO-UHFFFAOYSA-N,FC(F)Oc1ccc(-c2nnc3cncc(OCc4ccc(CC(F)(F)F)nc4)n23)cc1
VGISLTFLUQDJQX-UHFFFAOYSA-N,Fc1ccc(-c2nnc3cncc(OCc4ccnc(C(F)(F)F)n4)n23)cc1Cl
XEMFKJLJIWBVSI-UHFFFAOYSA-N,Cc1nnccc1CCOc1cncc2nnc(-c3ccc(OC(F)(F)F)cc3)n12
KKFYKVLEOGMNSC-UHFFFAOYSA-N,O=C(NC1CC1)c1ccc(Cc2cncc3nnc(-c4ccc(C(F)(F)F)cc4)n23)c(F)c1
VOJYLPPQOCJUAZ-UHFFFAOYSA-N,O=C(NC1CC1)c1ccc(-c2cncc3nnc(-c4ccc(F)cc4C(F)(F)F)n23)cc1F
UARDBDRFEBTAAN-UHFFFAOYSA-N,Cc1cc(-c2nnc3cncc(OCc4ccc(F)c(F)c4)n23)ccc1-c1cnn(C)c1
FWLWSWLPIUIPAQ-UHFFFAOYSA-N,Cc1cc(-c2nnc3cncc(COc4ccc(F)cc4F)n23)ccc1-c1cnn(C)c1
SZXCJZIZPJUUFS-UHFFFAOYSA-N,CC(O)(c1ccc(-c2nnc3cncc(OCCC(F)(F)c4ccco4)n23)cc1)C1CC1
BGQRSXQQWUNZLH-UHFFFAOYSA-N,OC(O)(c1ccc(-c2nnc3cncc(OCC4(c5ccc(F)c(F)c5)CCC4)n23)o1)C1CC1
RCXYAIKWDDSGCM-UHFFFAOYSA-N,OC(F)(c1ccc(-c2nnc3cncc(OCc4ccccc4C(F)(F)F)n23)o1)C1CC1
JNQDFWVNUVSZOP-UHFFFAOYSA-N,CC(O)(c1ccc(-c2nnc3cncc(OCCc4ccc(C(F)(F)F)cc4)n23)o1)C1COC1
QMHOCLYKKOMMLC-UHFFFAOYSA-N,OC(O)(c1ccc(-c2nnc3cncc(OCc4cccc(-c5ccoc5)c4)n23)cc1)C1CC1
ZIEGJPDAGLPWLO-UHFFFAOYSA-N,OC(O)(c1ccc(-c2nnc3cncc(OCc4ccc(-c5ccco5)cc4)n23)cc1)C1CC1
GNUVCSPKXPCUTG-UHFFFAOYSA-N,OC(O)(c1ccc(-c2nnc3cncc(OCc4cccc(-c5ccco5)c4)n23)cc1)C1CC1
DPAHOBLSSCKCNE-UHFFFAOYSA-N,OC(O)(c1ccc(-c2nnc3cncc(OCc4ccc(-c5ccccc5)o4)n23)cc1)C1CC1
SDQDJZSQHVTJQK-UHFFFAOYSA-N,Cc1cocc1COc1cncc2nnc(-c3ccc(-c4cccc(C(O)(F)F)c4)cc3)n12
IPJNFHWAQNKGTP-UHFFFAOYSA-N,OC(F)(c1ccc(-c2nnc3cncc(OCc4cccc(C(F)(F)F)c4)n23)o1)C1CCC1
PFPAFBXRKDWXRA-UHFFFAOYSA-N,FC(F)(F)c1ccc(CCOc2cncc3nnc(-c4ccc(-c5ccoc5)o4)n23)o1
GPKNVQVPXHXCTM-UHFFFAOYSA-N,FC(F)(F)c1ccc(CCOc2cncc3nnc(-c4ccc(-c5ccco5)o4)n23)o1
NBTFBHMRJSOFEU-UHFFFAOYSA-N,OC(F)(F)c1ccc(-c2nnc3cncc(OCCc4ccc(-c5ccoc5)cc4)n23)c(F)c1
JDLJQEILFLVQLF-UHFFFAOYSA-N,OCc1cc(-c2nnc3cncc(OCCc4cccc(-c5ccco5)c4)n23)ccc1F
VQJLPMFFDCJNNM-UHFFFAOYSA-N,FC(F)Oc1ccc(-c2occc2-c2nnc3cncc(OCCC(F)(F)F)n23)cc1
WVEANQVOCVBNIJ-UHFFFAOYSA-N,CC(O)(c1ccccc1)c1ccc(-c2nnc3cncc(OCc4ccccc4C#N)n23)cc1
LTIQQBFVIFKWHL-UHFFFAOYSA-N,FC(F)Oc1ccc(-c2cc(-c3nnc4cncc(OCCC(F)(F)F)n34)co2)cc1
FHNPDUFHAVQTKQ-UHFFFAOYSA-N,CC(O)(CCOc1cncc2nnc(-c3cc(-c4ccsc4)ccc3F)n12)C(F)(F)F
BESSOXIPFKNLBN-UHFFFAOYSA-N,FC(F)CNCc1cc(-c2nnc3cncc(OCCC(F)(F)c4ccccc4)n23)co1
CUAIACWMXOCAMY-UHFFFAOYSA-N,Oc1ccc(-c2nnc3cncc(OCCCc4ccoc4C(F)(F)F)n23)cc1F
YSKBCAHZEQTQPZ-UHFFFAOYSA-N,O=C(NC1CC1)c1ccc(-c2nnc3cncc(OCCc4ccc(F)c(C(F)(F)F)c4)n23)o1
DUMKYPCQQZYOHZ-UHFFFAOYSA-N,CC(O)(CCOc1cncc2nnc(-c3cccc(-c4ccccc4F)c3)n12)c1ccco1
HLDVFIOHERTXCS-UHFFFAOYSA-N,FC(F)(F)Oc1ccsc1COc1cncc2nnc(-c3ccc(-c4cocn4)cc3)n12
NOFFRZPYGMIBLQ-UHFFFAOYSA-N,CC(C)(O)C1(CCOc2cncc3nnc(-c4ccc(Cl)c(C(F)(F)F)c4)n23)CC1
KZRUZOPTJSNNJW-UHFFFAOYSA-N,OC(F)(c1ccc(-c2nnc3cncc(OCCc4ccccc4C(F)(F)F)n23)cc1)C1CC1
AHRMDNFCHMPQJC-UHFFFAOYSA-N,COc1cccc(-c2ccc(COc3cncc4nnc(-c5ccc(Cl)c(CO)c5)n34)o2)c1
RRAJMPLSGRXVNU-UHFFFAOYSA-N,OC(CCOc1cncc2nnc(-c3cccc(-c4cocn4)c3)n12)(c1ccccc1)C(F)(F)F
NFOSZKARFHNHRP-UHFFFAOYSA-N,CC(O)(c1ccc(-c2nnc3cncc(OCCC(F)(F)c4ccccc4)n23)cc1)C1CC1
LNVHYFIWERWBCT-UHFFFAOYSA-N,Cc1ccccc1-c1ccc(CCOc2cncc3nnc(-c4ccc(F)c(C5(O)COC5)c4)n23)o1
RDIZZCCPFOAGSQ-UHFFFAOYSA-N,CC(O)(c1ccc(-c2nnc3cncc(OCCc4ccc(C(F)(F)F)s4)n23)cc1)C1COC1
IZOOTHSKJXLMEE-UHFFFAOYSA-N,O=C(NC1COC1)c1ccc(-c2nnc3cncc(OCCc4ccc(C(F)(F)F)o4)n23)c(F)c1
IHBJRLWMGZQLNV-UHFFFAOYSA-N,Fc1ccc(C(F)(F)C(F)COc2cncc3nnc(-c4ccc(OC5COC5)cc4)n23)cc1
LRDFHYWVKXUBHN-UHFFFAOYSA-N,O=C(NC1CC1)c1ccc(-c2nnc3cncc(OCCC(F)(c4ccccc4)C(F)(F)F)n23)o1
HHHVUIZHWZFRLC-UHFFFAOYSA-N,O=C(Nc1ccc(-c2nnc3cncc(OCC4CC4)n23)cc1)c1cccc(C(F)(F)F)c1
FKSSKCZGUICRTP-UHFFFAOYSA-N,CC(C)(CCOc1cncc2nnc(-c3ccc(Cl)c(COC4COC4)c3)n12)C(F)(F)F
OOBQRMASNQGFPY-UHFFFAOYSA-N,CC(CCOc1cncc2nnc(-c3cccc(COCC4(O)CCC4)c3)n12)C(F)(F)F
HOEXLLVACDHSFB-UHFFFAOYSA-N,FC(F)COc1cncc2nnc(-c3ccc(OC(F)F)c(-c4ccoc4)c3)n12
YMBFGGDWDQNEPY-UHFFFAOYSA-N,O=C(c1ccc(-c2nnc3cncc(OCc4ccc(Cl)s4)n23)cc1)N1CCC1C(F)(F)F
WDVLNQZFCOLSKT-UHFFFAOYSA-N,Fc1ccccc1CC1CC(Oc2cncc3nnc(-c4ccc(OC(F)F)cc4)n23)C1
VRKKSDZNBSPSPT-UHFFFAOYSA-N,CC(O)(c1ccc(-c2nnc3cncc(OCCc4ccccc4C(F)(F)F)n23)cc1)C1CCOC1
PCBUAYCANSLYBV-UHFFFAOYSA-N,O=C1CCCC(COc2cncc3nnc(-c4ccc(OC(F)F)c(C(F)(F)F)c4)n23)C1
CSUGOUHSLALJLJ-UHFFFAOYSA-N,Fc1cc(CCOc2cncc3nnc(-c4ccc(-c5cc[nH]n5)cc4)n23)cc(C(F)(F)F)c1
FMYNKBPNNDQTPO-UHFFFAOYSA-N,CC(C)(O)c1ccc(-c2nnc3cncc(OCC4CCc5ccc(C(F)(F)F)cc5O4)n23)c(F)c1
DVHQUDFGTXZJOC-UHFFFAOYSA-N,CC(O)(c1ccc(-c2nnc3cncc(OCCC4(C(F)(F)F)CC4)n23)cc1)C1CC1
PRTVUIUERUOULJ-UHFFFAOYSA-N,Cc1ccc(C(F)(F)F)cc1COc1cncc2nnc(-c3ccc(-c4nnco4)cc3)n12
BMPSSGZPXRZDPO-UHFFFAOYSA-N,O=C(NC1CC1(F)F)c1ccc(-c2nnc3cncc(OCCCc4cccc(Cl)c4F)n23)cc1
CPKIHOOABZCURZ-UHFFFAOYSA-N,O=C(NC1COC1)c1ccc(-c2nnc3cncc(OCCc4ccc(Cl)c(C(F)(F)F)c4)n23)o1
GAFJZDBQVFNQLY-UHFFFAOYSA-N,Fc1cc(-c2nnc3cncc(OCC4CC(c5ccccn5)C4)n23)ccc1OC(F)F
KNPHGRWSIMMQRB-UHFFFAOYSA-N,CC(CCOc1cncc2nnc(-c3ccc(-c4ccccc4)nc3)n12)C(F)(F)F
KWPCSWHKFGGFDC-UHFFFAOYSA-N,FC(F)Oc1cccc(-c2ncccc2-c2nnc3cncc(OCCC(F)(F)F)n23)c1
YKWDQSXXWBGNGM-UHFFFAOYSA-N,COc1cc(C(C)(C)O)ccc1-c1nnc2cncc(OC3CCC(C(F)(F)F)C3)n12
IWCKQGONRLVJIN-UHFFFAOYSA-N,O=C(c1cc(-c2nnc3cncc(OCCc4cccc(C(F)(F)F)c4)n23)ccc1Cl)N1CC(O)C1
UWTFLLTXTYLPFG-UHFFFAOYSA-N,Fc1ccc(CCOc2cncc3nnc(-c4ccc(OC(F)F)c(F)c4)n23)nc1
WJRZAWJWFRMPJT-UHFFFAOYSA-N,CC(O)(c1ccc(-c2nnc3cncc(OCCc4ccoc4C(F)(F)F)n23)cc1)C1CC1
RJVFBMUXHNZZNM-UHFFFAOYSA-N,OC1COCN(Cc2cccc(-c3nnc4cncc(OCc5ccc(C(F)(F)F)cc5)n34)c2)C1
JDCOYCAUUONLMP-UHFFFAOYSA-N,OC1CN(Cc2cc(-c3nnc4cncc(OCC(F)(F)c5ccc(Cl)o5)n34)ccc2F)C1
IDONDXRUJCRCBQ-UHFFFAOYSA-N,N#Cc1cc(-c2nnc3cncc(OCCC(F)(F)c4ccsc4)n23)ccc1OC1COC1
KAMIEQTYJNYFII-UHFFFAOYSA-N,O=C(NCC(F)F)c1ccc(-c2nnc3cncc(OCCC(F)c4ccsc4)n23)o1
JYBMEHHTFGRJKK-UHFFFAOYSA-N,O=C(c1ccc(-c2nnc3cncc(OCc4ccc(F)c(C(F)(F)F)c4)n23)o1)N1CCOC1
GULMKCQLXCHUGA-UHFFFAOYSA-N,OCC(CCOc1cncc2nnc(-c3ccc(-c4ccco4)c(F)c3)n12)C(F)(F)F
WOBAHMJGZWJRIX-UHFFFAOYSA-N,OC(F)(c1ccc(-c2nnc3cncc(OCCc4cccc(C(F)(F)F)c4)n23)o1)C1CC1
GKDUTXHLBKXLEE-UHFFFAOYSA-N,CN(Cc1ccc(-c2nnc3cncc(OCC(F)(F)c4ccccc4)n23)cc1F)C1COC1
SDLGGZBYKWRBBB-UHFFFAOYSA-N,CC(COc1cncc2nnc(-c3ccc(Cl)cc3)n12)C(O)Cc1ccc(C(F)(F)F)o1
DINCJPUITPEQAS-UHFFFAOYSA-N,Cc1cc(C(F)(F)CCOc2cncc3nnc(-c4ccc(C(C)(O)C5CC5)cc4)n23)no1
IBSNNYCUIYWCDW-UHFFFAOYSA-N,FC(c1ccco1)C(F)(F)COc1cncc2nnc(-c3ccc(OC4COC4)c(Cl)c3)n12
IQRGFRCRIRPUIW-UHFFFAOYSA-N,O=C(NCC(F)F)c1ccc(-c2nnc3cncc(OCc4ccc(C(F)(F)F)cc4)n23)s1
YWMWCOAWFOYEEE-UHFFFAOYSA-N,CC(O)(c1ccc(-c2nnc3cncc(OCCC(F)(F)c4ccc(F)cc4)n23)cc1)C1COC1
IEXVMCILPCIWLN-UHFFFAOYSA-N,O=C(NCC(F)F)c1ccc(-c2nnc3cncc(OCC(F)(F)c4ccncc4)n23)o1
IEUCYAZAIDGDFZ-UHFFFAOYSA-N,CC(CCOc1cncc2nnc(-c3ccc(C(=O)N4CC(O)C4)s3)n12)C(F)(F)C(F)(F)F
CKCWUTOBGQCBAV-UHFFFAOYSA-N,O=C(NC1CC1)c1ccc(-c2nnc3cncc(OCC(F)(F)c4ccoc4C(F)(F)F)n23)cc1
GTRUPUYMOJYZMM-UHFFFAOYSA-N,CC(O)(c1ccc(-c2nnc3cncc(OCCC(F)(F)c4ccccc4)n23)o1)C1CCOCC1
WKBONQKGLULNEQ-UHFFFAOYSA-N,Cc1cocc1CCOc1cncc2nnc(-c3ccc(C(C)(O)c4ccc(F)c(F)c4)cc3)n12
JONIUHSNDZRYBA-UHFFFAOYSA-N,Cc1c(-c2nnc3cncc(OCCc4ccc(-c5ccco5)o4)n23)ccc(F)c1F
UQDMPZXBLAITKY-UHFFFAOYSA-N,CC(O)(c1ccc(-c2nnc3cncc(OCCc4coc(C(F)(F)F)n4)n23)c(F)c1)C1CC1
JGGOOLADRXNTMT-UHFFFAOYSA-N,COc1ccc(-c2nnc3cncc(OCCc4ccco4)n23)cc1-c1ccc(F)c(F)c1
ZIXCPOXUYAWTTN-UHFFFAOYSA-N,FC(F)(F)c1ccc(COc2cncc3nnc(-c4ccc(-c5ccoc5)o4)n23)o1
XRAOQHCCXXERIE-UHFFFAOYSA-N,Oc1ccc(-c2ccc(-c3nnc4cncc(OCCC(F)c5ccco5)n34)o2)cc1
JWOSSJHKDZHQQW-UHFFFAOYSA-N,Fc1cc(-c2nnc3cncc(OCCC(F)(F)c4ccccn4)n23)ccc1OC(F)F
NJRVDAUFSWMGJN-UHFFFAOYSA-N,OC(F)(c1ccc(-c2nnc3cncc(OCCC(F)(F)c4ccccn4)n23)cc1F)C1CCC1
DEGWKGKEGFINDL-UHFFFAOYSA-N,Cc1ccc(CCOc2cncc3nnc(-c4ccc(OCC5COCO5)cc4)n23)cc1C(F)(F)F
IGABQPPGAFACMG-UHFFFAOYSA-N,FC(F)Oc1ccc(-c2nnc3cncc(OCCC4CCOC4)n23)cc1C(F)(F)F
LMKVYIPEHMZEMM-UHFFFAOYSA-N,CC(O)(c1ccc(-c2nnc3cncc(OCCc4cccc(Cl)c4F)n23)cc1)C1CO1
BFTQYGGOUWRSKI-UHFFFAOYSA-N,CC1COCN1C(=O)c1cccc(-c2nnc3cncc(OCc4ccc(F)c(C(F)(F)F)c4)n23)c1
CWAFPPLHUKEPRE-UHFFFAOYSA-N,Fc1cc(-c2nnc3cncc(OCC(F)c4ccc(Cl)s4)n23)ccc1OC1COCOC1
VNKHMCXHHNRVDP-UHFFFAOYSA-N,Fc1cc(-c2nnc3cncc(OCC4CCCO4)n23)c(Cl)cc1-c1ccsc1
RQTWLVVBFGHZGJ-UHFFFAOYSA-N,CC(C)(CO)c1ccc(-c2nnc3cncc(OCCC(F)c4cc(Cl)ccc4F)n23)cn1
IJSNXYLOJWPODF-UHFFFAOYSA-N,O=C(NC1COC1)c1ccc(-c2nnc3cncc(OCc4ccc(Cl)s4)n23)cc1C(F)(F)F
VNTVVYZYPXMLDV-UHFFFAOYSA-N,COc1ccc(-c2cc(-c3nnc4cncc(OCC(F)(F)F)n34)ccc2OC2COC2)cc1
SQVSJOXQRYLDNC-UHFFFAOYSA-N,OC1COCN(Cc2ccc(-c3nnc4cncc(OCCc5cccc(C(F)(F)F)c5)n34)c(F)c2)C1
FDYFHHVNAASLJE-UHFFFAOYSA-N,Cn1cc(COc2cncc3nnc(-c4ccc(C(F)(F)F)cc4)n23)c(-c2ccccc2)n1
XJKQTBIYJUMEPH-UHFFFAOYSA-N,Cn1cc(-c2ccc(COc3cncc4nnc(-c5ccc(C(F)(F)F)cc5)n34)cc2)cn1
SJXVNAPXGSUUQD-UHFFFAOYSA-N,Cc1cc(CCOc2cncc3nnc(-c4cccc(-c5ccc(F)c(F)c5)c4)n23)cnn1
PGZBEBPLOMADCG-UHFFFAOYSA-N,FC(F)(F)c1ccc(-c2nnc3cncc(OCc4nnc(-c5ccsc5)o4)n23)cc1
PKNCYWRMLBXIPZ-UHFFFAOYSA-N,OCc1ccc(-c2nnc3cncc(OCCc4ccc(-c5cc(F)ccc5F)cc4)n23)cc1
FRCLPBPKGYGBOA-UHFFFAOYSA-N,Fc1cc(Cl)ccc1-c1nnc2cncc(OCc3ccc(OC(F)(F)F)cn3)n12
GJOFVXHZNUAKAM-UHFFFAOYSA-N,Cn1nc(-c2ccc(F)cc2)cc1COc1cncc2nnc(-c3ccc(OC(F)F)cc3)n12
YKPQMGVROQZFAB-UHFFFAOYSA-N,COc1nnc(-c2cccc(COc3cncc4nnc(-c5ccc(C(F)(F)F)cc5)n34)c2)o1
RJNCYJCFIOXUSC-UHFFFAOYSA-N,OCc1ccccc1-c1ccc(COc2cncc3nnc(-c4ccc(C(F)(F)F)nc4)n23)cc1
HBTFEERZCQNOGG-UHFFFAOYSA-N,Cn1c(CO)ccc1-c1ccc(Oc2cncc3nnc(-c4ccc(OC(F)F)cc4F)n23)cc1
YUQWYCOLPFYXBF-UHFFFAOYSA-N,Fc1cc(-c2nnc3cncc(OCCc4ccsc4)n23)ccc1-c1cc[nH]n1
ZFCGCHAQEOKOJU-UHFFFAOYSA-N,Cc1oc(C(F)(F)F)cc1COc1cncc2nnc(-c3ccc(C(=O)N4CC(F)C4)o3)n12
LWEQLHZXKGSXOM-UHFFFAOYSA-N,FC(F)(F)c1ccc(COc2cncc3nnc(-c4ccc(CNC5CCOCC5)o4)n23)cc1
BUPSUISSQFXTNW-UHFFFAOYSA-N,FC(F)(F)c1ccc(CCOc2cncc3nnc(-c4ccc(COC5COC5)cc4)n23)o1
XEYOFFVOPVOJKF-UHFFFAOYSA-N,OC1(COCc2cccc(-c3nnc4cncc(OCc5ccc(C(F)(F)F)o5)n34)c2)CC1
OHQFHFBFHWOQHD-UHFFFAOYSA-N,CC(O)(c1ccc(-c2nnc3cncc(OCc4cccc(C(F)(F)F)c4)n23)o1)C1OCCO1
IVAHBSNHXXEELN-UHFFFAOYSA-N,FC(F)(F)c1ccc(COc2cncc3nnc(-c4ccc(OC5COCOC5)cc4)n23)o1
WBOZDBNXTUGWPC-UHFFFAOYSA-N,FC(F)(F)c1ccc(CCOc2cncc3nnc(-c4cccc(COC5COC5)c4)n23)o1
CLWWFNTUAZSBRY-UHFFFAOYSA-N,OC1CCN(Cc2ccc(-c3nnc4cncc(OCc5coc(C(F)(F)F)c5)n34)c(F)c2)C1
JENAFMRTFBYLKQ-UHFFFAOYSA-N,FC(F)(F)c1ccc(COc2cncc3nnc(-c4coc(OC5COC5)c4)n23)cc1
MWVBKNMQXANNLM-UHFFFAOYSA-N,FC(F)(F)c1ccc(COc2cncc3nnc(-c4ccc(OC5CCOCC5)cc4)n23)o1
LBVSLXQPKVIZHA-UHFFFAOYSA-N,FC(F)(F)c1ccc(COc2cncc3nnc(-c4coc(COC5CCOC5)c4)n23)cc1
OPMKFMJRJZUGMD-UHFFFAOYSA-N,OC1CCN(Cc2ccc(-c3nnc4cncc(OCc5ccc(C(F)(F)F)o5)n34)c(F)c2)C1
NUKQNHDMVOGYCX-UHFFFAOYSA-N,FC(F)(F)c1ccc(COc2cncc3nnc(-c4ccc(COC5CC5)cc4)n23)o1
PAEKPKYHLWVOMT-UHFFFAOYSA-N,CC1(COc2ccc(-c3nnc4cncc(OCc5ccc(C(F)(F)F)o5)n34)cc2)COC1
RAZOIDJYFCZJGN-UHFFFAOYSA-N,FC(F)(F)c1ccc(COc2cncc3nnc(-c4ccc(OC5COC5)s4)n23)s1
GSTNGBOSTROUKZ-UHFFFAOYSA-N,Fc1cc(CCNC2COC2)ccc1-c1nnc2cncc(OCc3ccc(C(F)(F)F)o3)n12
XPARDVFICIMWDX-UHFFFAOYSA-N,Fc1ccc(-c2nnc3cncc(OCc4ccc(C(F)(F)F)o4)n23)cc1OC1COC1
NFNRNSKYELUMJL-UHFFFAOYSA-N,FC(F)(F)c1cc(COc2cncc3nnc(-c4ccc(OC5CCCOC5)cc4)n23)co1
GYVJEQWJUAEHQQ-UHFFFAOYSA-N,CC(O)(c1ccc(-c2nnc3cncc(OCc4ccc(C(F)(F)F)s4)n23)cc1)C1COC1
UIKYCOPAJCYKBS-UHFFFAOYSA-N,FC(F)(F)c1ccc(COc2cncc3nnc(-c4cccc(OC5COC5)c4)n23)s1
ZHRDBZFYOILDNX-UHFFFAOYSA-N,OCc1cc(-c2nnc3cncc(OCCCc4ccsc4)n23)ccc1OC(F)(F)F
HNWNANCSYFUQJM-UHFFFAOYSA-N,FC(F)(F)c1ccc(CCOc2cncc3nnc(-c4cccc(OC5CCOC5)c4)n23)o1
ZVUXTXDIXHHBCO-UHFFFAOYSA-N,Fc1ccc(COc2cncc3nnc(-c4coc(CN5CCCC5)c4)n23)cc1C(F)(F)F
XNAAETFRRHFLQU-UHFFFAOYSA-N,FC(F)(F)c1ccc(CCOc2cncc3nnc(-c4ccc(COC5CCOC5)cc4)n23)o1
LKNBYCYDVILZOT-UHFFFAOYSA-N,FC(F)(F)c1ccc(COc2cncc3nnc(-c4ccc(OC5CCC5)cc4)n23)o1
NQQWFXNSYZATGJ-UHFFFAOYSA-N,FC(F)(F)c1ccc(CCOc2cncc3nnc(-c4cccc(COC5CCOC5)c4)n23)o1
RKZCNLJZFMAORH-UHFFFAOYSA-N,FC(F)(F)c1ccc(COc2cncc3nnc(-c4ccc(Cl)c(CNC5COC5)c4)n23)o1
QTLKQLTWYSFTMN-UHFFFAOYSA-N,O=C(NC1CC1)c1ccc(-c2nnc3cncc(OCCc4ccc(C(F)(F)F)o4)n23)cc1F
SAMZRPKQXVSVEQ-UHFFFAOYSA-N,OC1CN(Cc2ccc(-c3nnc4cncc(OCc5ccc(C(F)(F)F)s5)n34)c(F)c2)C1
TUZCUBFOTBXSSX-UHFFFAOYSA-N,Fc1cc(-c2nnc3cncc(OCc4ccc(C(F)(F)F)cc4)n23)ccc1CNC1COC1
XFISLYMWCSVEIY-UHFFFAOYSA-N,FC(F)CNCc1cc(-c2nnc3cncc(OCc4ccccc4C(F)(F)F)n23)co1
VLNHJMRYYSWFJF-UHFFFAOYSA-N,FC(F)(F)c1cccc(CCOc2cncc3nnc(-c4ccc(COC5COC5)s4)n23)c1
XMLKPRDDNOEYPO-UHFFFAOYSA-N,OC1(COCc2ccc(-c3nnc4cncc(OCc5ccc(C(F)(F)F)o5)n34)c(F)c2)CC1
MCNJBRGGQTYCCL-UHFFFAOYSA-N,Fc1ccc(COc2cncc3nnc(-c4ccc(CNC5CC5)s4)n23)cc1C(F)(F)F
SWNWSRLBYZAYRL-UHFFFAOYSA-N,FC(F)(F)c1ccc(COc2cncc3nnc(-c4cccc(OC5CCCOC5)c4)n23)o1
YQRDQVWHOJFWQQ-UHFFFAOYSA-N,FC(F)(F)Oc1ccccc1COc1cncc2nnc(-c3ccc(C4COC4)s3)n12
NVPWIIFTUKGLPR-UHFFFAOYSA-N,Fc1cc(CNC2CCC2)ccc1-c1nnc2cncc(OCc3ccc(C(F)(F)F)o3)n12
YSKOYWIWBQAIGZ-UHFFFAOYSA-N,Cc1oc(C(F)(F)F)cc1COc1cncc2nnc(-c3ccc(C(=O)NC4CC4)cc3F)n12
JLLQWDDCQYLYAR-UHFFFAOYSA-N,FC(F)(F)c1cc(COc2cncc3nnc(-c4ccc(OC5COC5)o4)n23)ccc1Cl
DDBUBPOVTHRBKI-UHFFFAOYSA-N,O=C(OC1COC1)c1ccc(-c2nnc3cncc(OCc4cccc(C(F)(F)F)c4)n23)cc1
CSLLWWWDEKQDIH-UHFFFAOYSA-N,FC1(F)CN(Cc2cccc(-c3nnc4cncc(OCc5ccc(C(F)(F)F)o5)n34)c2)C1
VPVVKMMCCKUSEN-UHFFFAOYSA-N,FC(F)(F)c1ccc(COc2cncc3nnc(-c4ccc(COC5CCCO5)o4)n23)cc1
SNDFYRDAMKSUIT-UHFFFAOYSA-N,CC(O)(c1ccc(-c2nnc3cncc(OCc4ccc(C(F)(F)F)cc4)n23)cc1)C1CNC1
NRBQLBNHDLOHBZ-UHFFFAOYSA-N,FC(F)(F)Oc1ccc(-c2nnc3cncc(OCCc4ccsc4)n23)cc1OC1COC1
MTPSTWCIAFRCEN-UHFFFAOYSA-N,CC(O)(c1ccc(-c2nnc3cncc(OCc4ccc(C(F)(F)F)o4)n23)cc1)C1CCC1
BGTZYCVLPRTGMK-UHFFFAOYSA-N,Fc1ccc(-c2nnc3cncc(OCc4ccc(C(F)(F)F)cc4)n23)cc1OC1COC1
YERQPOIZLFALBV-UHFFFAOYSA-N,FC(F)(F)c1ccc(COc2cncc3nnc(-c4ccc(Cl)c(CN5CCOC5)c4)n23)o1
QFBBJRVOCCLKFU-UHFFFAOYSA-N,FC(F)(F)c1ccc(COc2cncc3nnc(-c4ccc(Cl)cc4CN4CCC4)n23)o1
JUYXDGNWJLNBOZ-UHFFFAOYSA-N,OC(F)(c1ccc(-c2nnc3cncc(OCc4ccc(C(F)(F)F)o4)n23)cc1F)C1CC1
CZVTURYKDMVMJG-UHFFFAOYSA-N,Fc1ccc(COC2CCOC2)cc1-c1nnc2cncc(OCc3ccc(C(F)(F)F)o3)n12
IZIBIBWCFQNSME-UHFFFAOYSA-N,Fc1cc(-c2nnc3cncc(OCc4ccc(C(F)(F)F)o4)n23)ccc1COC1CCOC1
QBFQJMQXGTWURL-UHFFFAOYSA-N,O=C(c1ccc(-c2nnc3cncc(OCc4ccc(C(F)(F)F)o4)n23)cc1F)N1CCCC1
JYXRCOYMMPBCOF-UHFFFAOYSA-N,FC(F)(F)c1cccc(COc2cncc3nnc(-c4cccc(COC5CCNC5)c4)n23)c1
GAFQASARQHPTFQ-UHFFFAOYSA-N,O=C(NCc1ccc(-c2nnc3cncc(OCc4ccc(C(F)(F)F)cc4)n23)cc1)C1CC1
PMMWYWBSVZJPHC-UHFFFAOYSA-N,FC(F)(F)c1cccc(COc2cncc3nnc(-c4ccc(COCC5COC5)cn4)n23)c1
VIRAVBIXKUJORI-UHFFFAOYSA-N,Cc1ccc(C(F)(F)F)cc1COc1cncc2nnc(-c3ccc(OC4CCOC4)o3)n12
OKZDDLLOTRJIJU-UHFFFAOYSA-N,Fc1cc(-c2nnc3cncc(OCc4ccccc4C(F)(F)F)n23)ccc1OC1COC1
FSUFPZHHNLFOTH-UHFFFAOYSA-N,Cc1ccc(-c2nnc3cncc(OCc4ccc(C(F)(F)F)o4)n23)cc1OCC1CCCO1
SDXJCZVTLPBPAG-UHFFFAOYSA-N,O=C(c1ccc(-c2nnc3cncc(OCc4ccc(C(F)(F)F)o4)n23)cc1)N1CC(F)(F)C1
CHTTZWYIEFUXOZ-UHFFFAOYSA-N,O=C(c1ccc(-c2nnc3cncc(OCc4ccc(C(F)(F)F)cc4)n23)c(F)c1)N1CCC1
AAEHWLBRSUOUBK-UHFFFAOYSA-N,Fc1ccc(COc2cncc3nnc(-c4ccc(COC5COC5)s4)n23)cc1C(F)(F)F
JDQUQBJJSKERGV-UHFFFAOYSA-N,O=C(NC1CC1)c1ccc(-c2nnc3cncc(OCc4csc(C(F)(F)F)c4)n23)c(F)c1
WPHINTOTKROMAM-UHFFFAOYSA-N,FC1(F)CN(Cc2ccc(-c3nnc4cncc(OCCc5ccc(C(F)(F)F)o5)n34)cc2)C1
IYJGHDVUIBSXQP-UHFFFAOYSA-N,OC1(COCc2ccc(-c3nnc4cncc(OCCc5cccc(C(F)(F)F)c5)n34)cc2)CC1
KVVUMTSYWZUHFA-UHFFFAOYSA-N,CC(O)(c1ccc(-c2nnc3cncc(OCCc4cscc4C(F)(F)F)n23)cc1)C1COC1
PJXBFAVIDIQANL-UHFFFAOYSA-N,O=C(c1ccc(-c2nnc3cncc(OCc4ccc(C(F)(F)F)cc4)n23)cc1)C1CC1
XDSOGOGHSCFLOW-UHFFFAOYSA-N,FC(F)(F)c1ccc(COc2cncc3nnc(-c4ccc(C5CCO5)cc4)n23)cc1
HOUDEYDSKAPWRK-UHFFFAOYSA-N,CC(C)(O)c1ccc(-c2nnc3cncc(OCCc4coc(-c5ccoc5)c4)n23)cc1F
UAFSALIVOVYKJS-UHFFFAOYSA-N,FC(F)(F)c1cccc(COc2cncc3nnc(-c4ccc(C5(F)COC5)cc4)n23)c1
IOWRLDWAGSUWOK-UHFFFAOYSA-N,COC(F)(F)c1ccc(-c2nnc3cncc(OCc4cccc(C5COC5)c4)n23)c(C)c1
RYYHXLKIBYDMPY-UHFFFAOYSA-N,FC(F)(F)c1ccc(COc2cncc3nnc(-c4ccc(COC5COCCO5)cc4)n23)cc1
WERNJSXMICAQPA-UHFFFAOYSA-N,OC(c1ccc(-c2nnc3cncc(OCCc4ccsc4)n23)cc1F)(C1CC1)C(F)(F)F
GGYIQXCXSNZDBB-UHFFFAOYSA-N,Fc1cc(OC2CCCOC2)ccc1-c1nnc2cncc(OCc3ccc(C(F)(F)F)o3)n12
ZOMNCLRWCPLCAA-UHFFFAOYSA-N,O=C(NC1CCOC1)c1ccc(-c2nnc3cncc(OCc4coc(C(F)(F)F)c4)n23)c(F)c1
PPZGBVQVDWHXPB-UHFFFAOYSA-N,O=C(NC1CC1(F)F)c1ccc(-c2nnc3cncc(OCc4ccc(C(F)(F)F)o4)n23)cc1
BTKIGIIZJWFEJI-UHFFFAOYSA-N,O=C(NC1CC1)c1ccc(-c2nnc3cncc(OCc4ccc(C(F)(F)F)s4)n23)cc1F
HLBJMHXYLNVHRE-UHFFFAOYSA-N,OC1(c2cccc(COc3cncc4nnc(-c5ccc(OC(F)(F)F)cc5)n34)c2)CCOCC1
SLJUYODAKVBGBE-UHFFFAOYSA-N,FC(F)(F)c1ccc(COc2cncc3nnc(-c4ccc(OC5CCOC5)c(Cl)c4)n23)o1
VHIHOPHUYKDPTF-UHFFFAOYSA-N,FC(F)(F)c1cccc(CCOc2cncc3nnc(-c4cccc(C5(F)COC5)c4)n23)c1
BMRUHDZJILBOQU-UHFFFAOYSA-N,CC(O)(c1cccc(-c2nnc3cncc(OCc4ccc(C(F)(F)F)o4)n23)c1)C1CCOCC1
ZEJIFYQCTWKTKH-UHFFFAOYSA-N,CC(F)(F)c1cc(COc2cncc3nnc(-c4ccc(OC(F)(F)F)cc4)n23)co1
IWTXDXGHHBXRJT-UHFFFAOYSA-N,FC(F)(F)c1ccc(COc2cncc3nnc(-c4ccc(Cn5ccnc5)o4)n23)cc1
KNGXIDGQYUDODC-UHFFFAOYSA-N,CC(O)(c1ccc(-c2nnc3cncc(OCc4ccc(C(F)(F)F)cc4)n23)o1)C1CCOCC1
AWLDGKNIAVWXPR-UHFFFAOYSA-N,FC(F)(F)Oc1cccc(CCOc2cncc3nnc(-c4ccc(COC5COC5)cc4)n23)c1
GDAFUEXELFKQLR-UHFFFAOYSA-N,O=C1OCCC1Oc1ccc(-c2nnc3cncc(OCc4ccc(C(F)(F)F)cc4)n23)cc1
COGWHXIAWGEWOS-UHFFFAOYSA-N,Fc1ccsc1CCOc1cncc2nnc(-c3ccc(OC(F)(F)F)cc3)n12
CUPPIVUMDUDWTM-UHFFFAOYSA-N,O=C(NCc1ccc(-c2nnc3cncc(OCc4ccc(C(F)(F)F)o4)n23)cc1)C1(F)CC1
VPVPEPMPWCZQPS-UHFFFAOYSA-N,OC1(COCc2ccc(-c3nnc4cncc(OCc5ccc(C(F)(F)F)cc5)n34)cc2)CCC1
DYICFUDJWLIZGF-UHFFFAOYSA-N,FC(F)(F)c1ccc(COc2cncc3nnc(-c4ccc(Cl)cc4OC4COC4)n23)cc1
BHHGIIYKMIIGCM-UHFFFAOYSA-N,CC(C)(F)c1ccc(COc2cncc3nnc(-c4ccc(F)c(OC(F)F)c4)n23)o1
ZJQNNNXFHLVWMD-UHFFFAOYSA-N,Cc1cc(-c2nnc3cncc(OCc4cccc(C(F)(F)F)c4)n23)ccc1C(=O)N1CCCO1
SSQRODQFBRKLCB-UHFFFAOYSA-N,FC(F)(F)c1ccc(COc2cncc3nnc(-c4ccc5c(c4)OCC5)n23)cc1
GELLDTKUQDFYMR-UHFFFAOYSA-N,Fc1cc(C2COC2)ccc1-c1nnc2cncc(OCc3ccc(C(F)(F)F)cn3)n12
JPXHFCOQVPAVQF-UHFFFAOYSA-N,O=C(OCC1CCO1)c1ccc(-c2nnc3cncc(OCc4ccc(C(F)(F)F)cc4)n23)cc1
ZNFNMMSMLMSPTB-UHFFFAOYSA-N,FC(F)(F)c1ccc(COc2cncc3nnc(-c4ccc(COC5CCOC5)cn4)n23)cc1
KMHWHBRXWMQFJL-UHFFFAOYSA-N,O=C(NC1COC1)c1ccc(-c2nnc3cncc(OCc4ccc(Cl)c(C(F)(F)F)c4)n23)o1
COSDVJPNUADJPT-UHFFFAOYSA-N,OCC1(OCc2ccc(-c3nnc4cncc(OCc5ccc(OC(F)(F)F)cc5)n34)cc2)CC1
NZLIMLPMAMJFQI-UHFFFAOYSA-N,OC1(COCc2ccc(-c3nnc4cncc(OCCc5cccc(C(F)(F)F)c5)n34)cn2)CC1
QIZHBYHSRNWAEC-UHFFFAOYSA-N,OC1CN(Cc2cc(-c3nnc4cncc(OCCC(F)(F)c5cccc(F)c5)n34)ccc2F)C1
XUHMPKCFUWFUOD-UHFFFAOYSA-N,O=C(NC1COC1)c1ccc(-c2nnc3cncc(OCc4csc(C(F)(F)F)c4)n23)c(F)c1
JOUJJZJPMHLBLI-UHFFFAOYSA-N,Cc1oc(C(F)(F)F)cc1COc1cncc2nnc(-c3ccc(C(=O)N4CC(C)(F)C4)cc3)n12
AGNOJWZHFOMPPS-UHFFFAOYSA-N,Fc1ccc(COc2cncc3nnc(-c4ccc(COC5CCO5)cc4)n23)cc1C(F)(F)F
PWPUGXHOGKEGGA-UHFFFAOYSA-N,FC(F)(F)c1ccc(COc2cncc3nnc(-c4ccc(COC5CC=CCO5)cc4)n23)o1
QLCYMJYHTSBBPD-UHFFFAOYSA-N,CC(O)(c1ccc(-c2nnc3cncc(OCCc4ccsc4)n23)c(F)c1)c1ccco1
PMXMMAYWUQLFDD-UHFFFAOYSA-N,FC(F)(F)c1cccc(CCOc2cncc3nnc(-c4cccc(COC5CCOC5)c4)n23)c1
QLBNHHCLAQMDCL-UHFFFAOYSA-N,CC(O)(F)c1ccc(-c2nnc3cncc(OCCc4csc5ccccc45)n23)cc1F
MDRVASJHBDHWCW-UHFFFAOYSA-N,O=C(c1cccc(-c2nnc3cncc(OCc4cccc(C(F)(F)F)c4)n23)c1)C1CCOCC1
KUTYKGBGULDHBN-UHFFFAOYSA-N,OC1(COCc2ccc(-c3nnc4cncc(OCCc5ccc(C(F)(F)F)o5)n34)c(F)c2)CC1
PBYVQWMPEGQXHU-UHFFFAOYSA-N,Fc1cc(COc2cncc3nnc(-c4ccc(N5CCCOC5)cc4)n23)cc(C(F)(F)F)c1
ZEBRQSLVNUJLOF-UHFFFAOYSA-N,CC(O)(c1ccccc1)c1ccc(-c2nnc3cncc(OCCc4ccco4)n23)c(F)c1
QWLKZNAGZPFVCK-UHFFFAOYSA-N,FC(F)(F)Oc1cccc(COc2cncc3nnc(-c4ccc(COC5CCOC5)cc4)n23)c1
VKRDRVNOPGLDOL-UHFFFAOYSA-N,CC(F)(F)c1ccc(COc2cncc3nnc(-c4ccc(C(F)(F)F)nc4)n23)o1
NQOXUQHNPCPZRZ-UHFFFAOYSA-N,CC(C)(O)c1ccc(-c2nnc3cncc(OCc4ccc(-c5ccoc5)cc4)n23)cc1F
UNZIWMAKVMGBAG-UHFFFAOYSA-N,O=C(c1ccc(-c2nnc3cncc(OCc4cccc(C(F)(F)F)c4)n23)c(F)c1)N1CCCC1
CNEPYMYCGPBWQJ-UHFFFAOYSA-N,FC(F)(F)c1ccc(-c2nnc3cncc(OCCCc4ccc(Cl)s4)n23)cn1
WDTCIIUFJAWPTL-UHFFFAOYSA-N,FC(F)(F)c1ccc(COc2cncc3nnc(-c4ccc(Cn5cccn5)cc4)n23)cc1
VBDDROJNTUTHKW-UHFFFAOYSA-N,Fc1ccn(-c2ccc(COc3cncc4nnc(-c5ccc(OC6COC6)cc5)n34)cc2)c1
KYAVRYMWJVANEM-UHFFFAOYSA-N,Fc1ccc(-c2nnc3cncc(OCc4ccc(Cl)s4)n23)cc1COC(F)F
XBFFZTPXGHWLDA-UHFFFAOYSA-N,Fc1cc(-c2nnc3cncc(OCc4ccc(C(F)(F)F)cn4)n23)ccc1OC1COC1
QPFORACAPQVOIB-UHFFFAOYSA-N,Fc1cc(-c2nnc3cncc(OCc4ccc(C(F)(F)F)cc4)n23)ccc1OC1CCNC1
GVKQCWSUEDSVNL-UHFFFAOYSA-N,COc1cc(CCOc2cncc3nnc(-c4ccc(C(C)(O)c5ccccc5)o4)n23)ccc1F
PUZCVKIBLKZKFR-UHFFFAOYSA-N,CC(O)(c1ccco1)c1ccc(-c2nnc3cncc(OCc4cccc(C(F)(F)F)c4)n23)o1
RAHRJNBSVYPEHF-UHFFFAOYSA-N,FC(F)(F)c1ccc(CCOc2cncc3nnc(-c4cccc(-c5cnco5)c4)n23)o1
ITSVSABTAZWALQ-UHFFFAOYSA-N,Fc1cc(CCOc2cncc3nnc(-c4ccc(OC5CCOC5)cc4)n23)cc(C(F)(F)F)c1
WSYWJLFPAJFBRP-UHFFFAOYSA-N,FC(F)(F)c1ccc(CCOc2cncc3nnc(-c4cccc(-c5ncco5)c4)n23)o1
CRSJYPZHQCHLMV-UHFFFAOYSA-N,FC(F)(F)c1ccc(COc2cncc3nnc(-c4ccc(-n5cccn5)cc4)n23)o1
GLEWLZXGHZQRAT-UHFFFAOYSA-N,FC(F)(F)c1ccc(COc2cncc3nnc(-c4ccc(COC5CC5(F)F)nc4)n23)o1
UMCPSAAIEWQIRH-UHFFFAOYSA-N,O=C(NC1CC1)c1cccc(-c2nnc3cncc(OCc4ccc(F)c(C(F)(F)F)c4)n23)c1
JOTSNUIRJAVHDL-UHFFFAOYSA-N,FC(F)Oc1cc(OC2CC2)ccc1-c1nnc2cncc(OCCc3ccsc3)n12
MZCKSOLEKABLJW-UHFFFAOYSA-N,CC1(OCc2ccc(-c3nnc4cncc(OCc5ccc(C(F)(F)F)cn5)n34)cc2)CC1
OWKJIOGAGRDUNC-UHFFFAOYSA-N,FC(F)Oc1ccc(-c2nnc3cncc(OCc4ccsc4)n23)cc1OC1COC1
JOIYDNOAJCGANJ-UHFFFAOYSA-N,Cc1oc(C(F)(F)F)cc1COc1cncc2nnc(-c3ccc(C(C)(C)O)cn3)n12
SWHILROJUSUFIR-UHFFFAOYSA-N,O=C(NC1CCC1(F)F)c1ccc(-c2nnc3cncc(OCc4coc(C(F)(F)F)c4)n23)cc1
OPJZVODQAVTGAE-UHFFFAOYSA-N,FC(F)(F)c1cc(COc2cncc3nnc(-c4ccc(COC5COC5)nc4)n23)ccc1Cl
BZJNGRWVHCKANJ-UHFFFAOYSA-N,Cc1occc1CCOc1cncc2nnc(-c3cccc(-c4ccc(F)c(CO)c4)c3)n12
ZTNJIOGGUJXIST-UHFFFAOYSA-N,OC(c1ccc(-c2nnc3cncc(OCc4csc(C(F)(F)F)c4)n23)cc1)C(F)F
RLADXZWFNTULKS-UHFFFAOYSA-N,O=C1OCCN1Cc1cc(-c2nnc3cncc(OCc4ccc(C(F)(F)F)cc4)n23)ccc1F
PPVBIMQEYAVHJH-UHFFFAOYSA-N,FC(c1ccc(-c2nnc3cncc(OCc4ccc(C(F)(F)F)o4)n23)cn1)C1CC1
FVQOQNHKAMHBAK-UHFFFAOYSA-N,OCc1cc(-c2nnc3cncc(OCc4ccc(-n5cccc5)cc4)n23)ccc1C(F)(F)F
QRWOTWLFOAHUCL-UHFFFAOYSA-N,Cc1cc(COc2cncc3nnc(-c4ccc(C(C)(O)c5ccccc5)cc4F)n23)oc1C
BUYDCZLJGCSIAE-UHFFFAOYSA-N,Cc1cn(-c2ccc(COc3cncc4nnc(-c5ccc(C(F)(F)F)cc5)n34)cc2)c(=O)o1
DXLHWSSRZKUNIY-UHFFFAOYSA-N,Fc1cc(-c2nnc3cncc(OCc4ccc(C(F)(F)F)cc4)n23)ccc1OC1COCCO1
GUFRBTZZAQBHRU-UHFFFAOYSA-N,OCc1cc(-c2nnc3cncc(OCCc4ccccc4-n4cccc4)n23)ccc1Cl
VQYSZUMTCNVELT-UHFFFAOYSA-N,Fc1ccc(-c2nnc3cncc(OCCc4ccco4)n23)cc1COc1ccccc1
OGMZZHLYXPHUSX-UHFFFAOYSA-N,COc1cc(-c2nnc3cncc(OCc4ccc(C(F)(F)F)o4)n23)ccc1-c1cnoc1
KJGFKZVUTWKHHE-UHFFFAOYSA-N,Cc1cn(-c2ccc(COc3cncc4nnc(-c5ccc(C(F)(F)F)cc5)n34)cc2)cn1
XPFVNBWVKCNXMP-UHFFFAOYSA-N,OCc1cc(-c2nnc3cncc(OCCc4coc(C(F)(F)F)n4)n23)ccc1Cl
DYNRFVQDDKKSGF-UHFFFAOYSA-N,Cc1coc(C)c1COc1cncc2nnc(-c3ccc(C(C)(O)c4ccccc4)c(F)c3)n12
KTQODTARHRHFKT-UHFFFAOYSA-N,FC(F)(F)c1cccc(COc2cncc3nnc(-c4ccc(Cl)c(N5CCOCC5)c4)n23)c1
USOMQWVXWIRGSI-UHFFFAOYSA-N,CC(O)(c1ccccc1)c1ccc(-c2nnc3cncc(OCCc4ccsc4)n23)cc1F
OBJHSMQMUSMWRZ-UHFFFAOYSA-N,FC(F)(F)c1cccc(COc2cncc3nnc(-c4ccc5c(c4)OCCO5)n23)c1
RYAYRCKTSUPEBK-UHFFFAOYSA-N,O=C(NC1CCC1(F)F)c1ccc(-c2nnc3cncc(OCc4ccc(C(F)(F)F)o4)n23)cc1
TUSMZJOFHUWNRL-UHFFFAOYSA-N,Cc1cc2ccc(-c3nnc4cncc(OCc5ccc(C(F)(F)F)o5)n34)cc2cn1
CVFVVFIUOUXONI-UHFFFAOYSA-N,FC(F)Oc1cccc(COc2cncc3nnc(-c4ccc(OC5CCOC5)cc4)n23)c1
JTZWEZVQPLRJDD-UHFFFAOYSA-N,FC(F)(F)c1cc(COc2cncc3nnc(-c4ccc5c(c4)OCO5)n23)co1
NOSZELIYAXHAGC-UHFFFAOYSA-N,FC(F)(F)c1ccc(COc2cncc3nnc(-c4ccc(-c5ncco5)cc4)n23)o1
JDMXYAJCUXVNQY-UHFFFAOYSA-N,FC(F)(F)c1cc(COc2cncc3nnc(-c4ccc(COC5COC5)cn4)n23)ccc1Cl
AAVLPLKDZIDVRD-UHFFFAOYSA-N,CC(O)c1ccc(-c2nnc3cncc(OCc4ccc(-c5ccsc5)o4)n23)cc1F
AVUHYZLJKAEPNV-UHFFFAOYSA-N,Cc1cocc1CCOc1cncc2nnc(-c3ccc(-c4cccc(C#N)c4)cc3F)n12
GZWCBRZSBZQYPH-UHFFFAOYSA-N,Fc1ccc(-c2nnc3cncc(OCc4ccc(C(F)(F)F)o4)n23)cc1-c1ccno1
SNIOUJFLMPJSFS-UHFFFAOYSA-N,CC(O)(c1ccc(-c2nnc3cncc(OCCc4ccsc4)n23)cc1F)C1CCC1
FQXLPMDPDOLUMF-UHFFFAOYSA-N,FC(F)(F)c1ccc(COc2cncc3nnc(-c4ccc(-c5ccco5)nc4)n23)o1
XKUMKCXWDYIFDY-UHFFFAOYSA-N,O=C(c1ccc(-c2nnc3cncc(OCc4csc(C(F)(F)F)c4)n23)cc1)N1CC(F)(F)C1
HNHACOMYEBITQZ-UHFFFAOYSA-N,OCc1ccc(-c2cccc(-c3nnc4cncc(OCc5ccc(C(F)(F)F)o5)n34)c2)cn1
FQFCDQWJEHBTDI-UHFFFAOYSA-N,Fc1cc(COc2cncc3nnc(-c4ccc5c(c4)OCO5)n23)ccc1C(F)(F)F
IIASVDYTBYLYCK-UHFFFAOYSA-N,FC(F)(F)c1cc(COc2cncc3nnc(-c4cccc(-c5ncco5)c4)n23)co1
XIIJKVCWMLWJOO-UHFFFAOYSA-N,Fc1ccc(-c2nnc3cncc(OCc4ccc(C(F)(F)F)o4)n23)cc1-c1ncco1
HKOKCCGNQDMBLK-UHFFFAOYSA-N,OCc1ccc(-c2nnc3cncc(OCc4ccc(COc5ccc(F)cc5)s4)n23)cc1
WJEYTRYCMOFPQD-UHFFFAOYSA-N,FC(F)(F)Oc1ccc(-c2nnc3cncc(OCc4ccc(-c5ccon5)s4)n23)cc1
DIZRBJHRSFPBDO-UHFFFAOYSA-N,FC(F)(F)Oc1ccc(-c2nnc3cncc(OCc4ccc(-c5cnco5)s4)n23)cc1
MMDYBWOVAIFIFU-UHFFFAOYSA-N,FC(F)(F)c1ccc(-c2nnc3cncc(OCc4cc5c(cc4Cl)OCO5)n23)cc1
FOQTYDNGDWMYCD-UHFFFAOYSA-N,Fc1cc(-c2cnco2)ccc1-c1nnc2cncc(OCc3ccc(C(F)(F)F)o3)n12
CPBKRQSBNIDTLI-UHFFFAOYSA-N,FC(F)Oc1cc(-c2nnc3cncc(OCc4ccccc4C(F)(F)F)n23)ccn1
LPPZFIKWPNVGHT-UHFFFAOYSA-N,FC(F)(F)C(F)(F)CCOc1cncc2nnc(-c3cccc(-c4cocn4)c3)n12
FHVQAHAKJAVVRA-UHFFFAOYSA-N,Cc1cc(OC2COC2)ccc1-c1nnc2cncc(OCCc3ccc(C(F)(F)F)nc3)n12
VQPLVJPEVCEXHJ-UHFFFAOYSA-N,Cc1cc(-c2nnc3cncc(OCc4ccc(-n5cc(C(F)F)oc5=O)o4)n23)ccc1Cl
QPTZHRHDJXZRIN-UHFFFAOYSA-N,FC(F)(F)Oc1ccc(-c2nnc3cncc(OCc4cc(-c5ccsc5)on4)n23)cc1
JKOOBWUAMYHNER-UHFFFAOYSA-N,FC(F)(F)c1cc(COc2cncc3nnc(-c4ccc5ncccc5c4)n23)co1
OSLNXDNHFRFNRV-UHFFFAOYSA-N,OCc1ccc(Oc2ccc(-c3nnc4cncc(OCCc5ccsc5)n34)cc2)cc1
ZRPWVOCPEDNYOT-UHFFFAOYSA-N,Fc1ccc(CCOc2cncc3nnc(-c4ccc(OC5COCO5)cc4)n23)cc1C(F)(F)F
VXPIILFDZWMJET-UHFFFAOYSA-N,CC(C)(O)c1ccc(-c2nnc3cncc(OCc4ccc(C(F)(F)F)o4)n23)c2coc-2c1
HNZCBLSIYIJHPM-UHFFFAOYSA-N,O=C(NCC1COC1)c1ccc(-c2nnc3cncc(OCc4ccc(C(F)(F)F)cc4)n23)c(F)c1
DKYMDAVIUYSOPZ-UHFFFAOYSA-N,COc1cc(-c2nnc3cncc(OCCc4ccco4)n23)c(F)cc1-c1ccccc1F
CBVAWVJBHNFWAI-UHFFFAOYSA-N,N#Cc1ccc(NCCOc2cncc3nnc(-c4ccc(Cl)cc4C(F)F)n23)cc1
XDCXDYOEYZCQMV-UHFFFAOYSA-N,O=C(c1ccc(-c2nnc3cncc(OCc4ccc(C(F)(F)F)cc4)n23)cc1F)N1CCOCC1
IJVZATQYKCAADJ-UHFFFAOYSA-N,N#Cc1ccc(COc2cncc3nnc(-c4ccc(C(O)(F)C5CCCC5)cc4)n23)c(F)c1
FLSQQDMVKSRLAL-UHFFFAOYSA-N,FC(F)Oc1cc(-c2nnc3cncc(OCc4ccsc4)n23)ccc1-c1cnco1
HENYPGWADCPRIC-UHFFFAOYSA-N,CC(CCOc1cncc2nnc(-c3ccc(C(=O)NC4(C)CC4)cc3F)n12)C(F)(F)F
CCYAYDSUBWNJKI-UHFFFAOYSA-N,OCc1ccc(-c2nnc3cncc(OCc4cccc(OCc5ccccc5F)c4)n23)cc1
FOYJXEULNQBSTK-UHFFFAOYSA-N,OC(c1ccc(-c2nnc3cncc(OCc4cccc(C(F)(F)F)c4)n23)nc1)C1CC1
CCVWLSJBVMMMMM-UHFFFAOYSA-N,COc1cc(CCOc2cncc3nnc(-c4cc(F)c5cc(F)ccc5c4)n23)ccc1F
JYWSRUFOHCXARB-UHFFFAOYSA-N,OCc1cc(-c2nnc3cncc(OCc4csc(C(F)(F)F)n4)n23)ccc1Cl
LJFMDGJZWVOZLF-UHFFFAOYSA-N,O=C(NC1CC1)c1ccc(-c2nnc3cncc(Oc4ccc(C(F)(F)F)cc4)n23)cc1
OAXHRWSAHAKGJQ-UHFFFAOYSA-N,FCc1cc(COc2cncc3nnc(-c4ccc(C(F)(F)F)nc4)n23)ccc1F
HIXOGVRCPPLWAN-UHFFFAOYSA-N,OCc1ccc(-c2cccc(-c3nnc4cncc(OCc5ccc(C(F)(F)F)cc5)n34)c2)cn1
XXFAJZINNMAOPF-UHFFFAOYSA-N,Fc1cc(-c2nnc3cncc(OCCc4ccsc4)n23)ccc1-c1ccsn1
FUBHABPEQKEKDT-UHFFFAOYSA-N,COC(F)(F)c1ccc(-c2nnc3cncc(OCc4ccc(C5CCOCCO5)cc4F)n23)cc1
RGJYEFOCZFYPJG-UHFFFAOYSA-N,CN1CC(OCc2ccc(-c3nnc4cncc(OCc5ccc(Cl)c(C(F)(F)F)c5)n34)cc2)C1
GCRBMBNGAOZPLW-UHFFFAOYSA-N,OC1COCCN(Cc2ccc(-c3nnc4cncc(OCc5ccc(C(F)(F)F)o5)n34)c(F)c2)C1
YHYUZTBUCOYQEU-UHFFFAOYSA-N,OCc1cc(-c2nnc3cncc(OCc4ccnc(C(F)(F)C(F)F)c4)n23)ccc1Cl
BRKYXPSHQNCWHH-UHFFFAOYSA-N,O=C(c1ccc(-c2nnc3cncc(OCCc4cccc(C(F)(F)F)c4)n23)cc1)N1CC(F)(F)C1
PTYVFWXJVPAEQH-UHFFFAOYSA-N,Cc1cc(-c2ccc(-c3nnc4cncc(OCCc5ccsc5)n34)c(F)c2)no1
PQUUVOCUEHITHR-UHFFFAOYSA-N,FC(F)(F)c1ccc(OCC2COCCO2)c(-c2nnc3cncc(OCCc4ccsc4)n23)c1
MNFSQQZZLMGKPV-UHFFFAOYSA-N,Cc1nscc1CCOc1cncc2nnc(-c3ccc(OC(F)(F)F)c(C4CC4)c3)n12
UWTCJOKHGFXFNP-UHFFFAOYSA-N,O=C(NC1CCC1(F)F)c1ccc(-c2nnc3cncc(OCc4cccc(C(F)(F)F)c4)n23)cc1
FWIOAAGPLPVPLM-UHFFFAOYSA-N,CC(O)(c1ccc(-c2nnc3cncc(OCc4ccc(-n5cccc5)cc4)n23)c(F)c1F)C1COC1
OTDHMSYNJDZMQE-UHFFFAOYSA-N,O=C(c1ccc(-c2nnc3cncc(OCc4ccc(C(F)(F)F)s4)n23)cc1F)N1CCOCC1
ZAIFIQBUKVPIEB-UHFFFAOYSA-N,CC(O)(c1ccc(-c2nnc3cncc(OCc4ccc(C(F)(F)F)o4)n23)c(F)c1)C1CCOCC1
FGHQZZGYGKAVOJ-UHFFFAOYSA-N,c1cc(COc2cncc3nnc(-c4ccc(OC5COC5)cc4)n23)cc(-c2ccon2)c1
KUXQEOXCGGQIKG-UHFFFAOYSA-N,O=C(NC1CCOCC1F)c1ccc(-c2nnc3cncc(OCc4ccc(Cl)cc4)n23)c(F)c1
TXJABBJYXZMBTH-UHFFFAOYSA-N,FC(F)(F)c1ccc(COc2cncc3nnc(-c4ccc(Cl)c(CN5CCOCCO5)c4)n23)o1
QIZOPVIDIYYFJX-UHFFFAOYSA-N,FC(F)Oc1cccc(-c2nnc3cncc(OCCc4ccsc4)n23)c1
HBCYXUIZUVJHRQ-UHFFFAOYSA-N,COc1ccc(-c2nnc3cncc(OCc4ccc(CO)cc4)n23)cc1-c1ccc(F)cc1
VVASVZGMVSKIIH-UHFFFAOYSA-N,CC(O)(c1ccc(-c2nnc3cncc(OCc4ccc(OC(F)F)cc4)n23)cc1)C1CCOCC1
FRRPOMBMIVPQOW-UHFFFAOYSA-N,Cc1noc(C)c1COc1cncc2nnc(-c3ccc(-c4ccccc4)c(F)c3)n12
BLMYFEFOHFUCQB-UHFFFAOYSA-N,O=C(NC1CCCOC1)c1ccc(-c2nnc3cncc(OCc4ccc(C(F)(F)F)cc4)n23)cc1F
YEMICVMLZPDOGE-UHFFFAOYSA-N,O=C(NC1COC1)c1ccc(-c2nnc3cncc(OCc4ccc(C(F)(F)C(F)(F)F)cc4)n23)s1
WVGJPSKLRSFQAM-UHFFFAOYSA-N,O=C(NC1CC1c1ccccc1)c1cncc2nnc(-c3ccc(OC(F)F)cc3)n12
ACIYZOVRQFGKRA-UHFFFAOYSA-N,Fc1c(Cl)cccc1CN1CCOC1COc1cncc2nnc(-c3ccc(OC(F)F)cc3)n12
DAUKQNKDLCZGBP-UHFFFAOYSA-N,CC1(C)OCC(CO)(c2ccc(Oc3cncc4nnc(-c5ccc(OC(F)F)cc5)n34)cc2)O1
MRWGLVKMQFQVHI-UHFFFAOYSA-N,CC(F)(COCc1ccccc1)c1cncc2nnc(-c3ccc(OC(F)F)cc3)n12
VJVCFMLMBOGCMA-UHFFFAOYSA-N,Cc1noc2cc(-c3nnc4cncc(OCCc5cc(F)c(F)c(F)c5)n34)ccc12
OQJJSVQPQBUKFX-UHFFFAOYSA-N,Fc1ccc(COc2cncc3nnc(Oc4ccc(C(F)(F)F)cc4)n23)cc1F
YCHHTPRYUKOPKE-UHFFFAOYSA-N,CC1(C)OCN(Cc2cncc3nnc(-c4ccc(OC(F)F)cc4)n23)c2ccccc21
NRQFCJYRPVEREW-UHFFFAOYSA-N,FC(F)(F)c1cccc(Oc2cncc3nnc(CN4Cc5ccccc5C4)n23)c1
FOLHKDBHQZJHNZ-UHFFFAOYSA-N,Cc1cc(C(F)(F)F)ncc1Oc1cncc2nnc(-c3ccc(OC(F)F)cc3)n12
NCBATHXXPYHHCP-UHFFFAOYSA-N,FC(F)Oc1ccc(Oc2cncc3nnc(-c4ccc(C(F)(F)F)nc4)n23)cc1
WVUHXOSWFKZCRP-UHFFFAOYSA-N,FC(F)Oc1ccc(-c2nnc3cncc(OC4COCc5ccc(OC(F)F)cc5C4)n23)cc1
QNVOHOQYSQPBEA-UHFFFAOYSA-N,OCC(NCc1cncc2nnc(-c3ccc(OC(F)F)cc3)n12)c1ccc(F)c(F)c1
LFFPMSHLQVTQCS-UHFFFAOYSA-N,O=C(c1cncc2nnc(-c3ccc(OC(F)F)cc3)n12)N1CC(c2ccc(F)c(F)c2)C1
NCRLGJSBGOQCQB-UHFFFAOYSA-N,Fc1cccc(C2COCCN2COc2cncc3nnc(-c4ccc(OC(F)F)cc4)n23)c1F
AIKBFZRIQZKBNI-UHFFFAOYSA-N,CC1(C)OCC(NC(=O)c2cncc3nnc(-c4ccc(OC(F)F)cc4)n23)(c2ccc(F)c(F)c2)CO1
QHFVXHATRPJCGZ-UHFFFAOYSA-N,Cc1cc(C#CCOc2cncc3nnc(-c4ccc(OC(F)F)cc4)n23)ccc1Cl
FSKOAPLNZCJWEY-UHFFFAOYSA-N,Fc1ccc(CNc2cncc3nnc(-c4ccc(OC(F)(F)F)cc4)n23)cc1F
KXYKXTUCPOYXBF-UHFFFAOYSA-N,NC1(c2ccc(F)c(F)c2)CCC(Oc2cncc3nnc(-c4ccc(OC(F)F)cc4)n23)C1
GSNFVMUZWPUZPZ-UHFFFAOYSA-N,OCC(Oc1cncc2nnc(-c3ccc(OC(F)F)cc3)n12)c1c(Cl)ccc(F)c1Cl
NEHVECDBNBRASD-UHFFFAOYSA-N,FC(F)Oc1ccc(-c2nnc3cncc(OCCOC4CCc5ccccc54)n23)cc1
DJETWCRHYMJAQI-UHFFFAOYSA-N,OCC(COCc1ccccc1)COc1cncc2nnc(-c3ccc(OC(F)F)cc3)n12
WMYCTFCPCDCOEK-UHFFFAOYSA-N,CC1(C)COC(COc2cncc3nnc(-c4ccc(OC(F)F)cc4)n23)(c2ccccc2)O1
CDXHHCAOMYLFSZ-UHFFFAOYSA-N,CC1Cc2ccccc2CN1C(CO)COc1cncc2nnc(-c3ccc(OC(F)F)cc3)n12
NETRSQXNGULXGJ-UHFFFAOYSA-N,Fc1ccc(CCOc2cncc3nnc(-c4ccc5n[nH]cc5c4)n23)cc1F
QHRNTIQWDJTPNR-UHFFFAOYSA-N,Fc1ccc(CCOc2cncc3nnc(CN4Cc5ccc(OC(F)F)cc5C4)n23)cc1F
HFZYEHZXUHANIN-UHFFFAOYSA-N,CC1(C)C=C(CCOc2cncc3nnc(-c4ccc(OC(F)F)cc4)n23)COC(C)(C)O1
RQBYBEOAEZPZAF-UHFFFAOYSA-N,FC(F)Oc1ccc(-c2nnc3cncc(OCC4Cc5ccc(Cl)cc5O4)n23)cc1
OVQGAAZZQRWXSI-UHFFFAOYSA-N,OC1(c2cccc(F)c2)CC(Oc2cncc3nnc(-c4ccc(OC(F)F)cc4)n23)C1
CZVAUHBFGVQFBI-UHFFFAOYSA-N,OC(COCc1cncc2nnc(-c3ccc(OC(F)F)cc3)n12)c1ccc(F)cc1
GRIMDCHJZMFTQM-UHFFFAOYSA-N,O=C(Nc1cncc2nnc(-c3ccc(OC(F)F)cc3)n12)c1cccc(C(F)(F)F)c1
CSHWUASTSGMMJT-UHFFFAOYSA-N,O=C(Nc1cncc2nnc(-c3ccc(OC(F)F)cc3)n12)NC1CCc2ccc(OC(F)F)cc21
MSWFWYHGXSWDCE-UHFFFAOYSA-N,O=C1c2ccc(Oc3cncc4nnc(-c5ccc(Cl)cc5)n34)cc2CN1C(F)F
BOANSYPYXFVRQG-UHFFFAOYSA-N,FC1(F)CCN(C(COc2cncc3nnc(-c4ccc(Cl)cc4)n23)c2ccccc2)C1
KJSIHFXTOYIFQL-UHFFFAOYSA-N,CC(NC(=O)COc1cncc2nnc(-c3ccc(OC(F)F)cc3)n12)c1ccc(F)c(F)c1
ZHYFSAMQSMUCGF-UHFFFAOYSA-N,CC1(C)c2cc(F)c(F)cc2N1C(=O)COc1cncc2nnc(-c3ccc(OC(F)F)cc3)n12
ZEQNVYSJCSDDET-UHFFFAOYSA-N,FC(F)Oc1ccc(-c2nnc3cncc(OCCc4cncc5ccccc45)n23)cc1
FHUBOKVORCCZNZ-UHFFFAOYSA-N,OCC(COc1cncc2nnc(-c3ccc(-c4ccc(F)c(F)c4)cc3)n12)c1ccccc1
PASAVNFYGXGLCJ-UHFFFAOYSA-N,N#Cc1ccc(C2=COC(COc3cncc4nnc(-c5ccc(OC(F)F)cc5)n34)CC2)cc1
YKJZHUQDOJGOAR-UHFFFAOYSA-N,CC1(C)CC(COc2cncc3nnc(-c4ccc(C#N)cc4)n23)(c2ccc(Cl)cc2)CO1
VCGOKFWNZQMTJO-UHFFFAOYSA-N,Fc1ccc2c(c1F)OCC2Cc1cncc2nnc(-c3ccc(OC(F)F)cc3)n12
NRNHOJFRWAVDIH-UHFFFAOYSA-N,Fc1ccc(CCOc2cncc3nnc(CC4Cc5ccccc54)n23)cc1F
BCLUFVKLLMYBGE-UHFFFAOYSA-N,Fc1cc(OC(F)F)ccc1CCc1cncc2nnc(-c3ccc(OC(F)F)cc3)n12
DXDZOXHEYKCCNG-UHFFFAOYSA-N,Fc1ccc2c(c1)COC(COc1cncc3nnc(-c4ccc(OC(F)(F)F)cc4)n13)C2
XDVPEJSBNDHUIJ-UHFFFAOYSA-N,FC(F)Oc1ccc(-c2nnc3cncc(OCCc4coc5ccccc45)n23)cc1
WRVVRYAEJCDKEM-UHFFFAOYSA-N,Cn1c(-c2nnc3cncc(OCCc4cc(F)c(F)c(F)c4)n23)cc2ccccc21
DKXSRSNUYOEMLP-UHFFFAOYSA-N,OC(COc1cncc2nnc(-c3cn[nH]c3)n12)c1cc(Cl)ccc1OCc1ccccc1
NRMLQAHSGQCWQK-UHFFFAOYSA-N,OCC(c1cccc2ccccc12)c1cncc2nnc(-c3ccc(OC(F)F)cc3)n12
QOXVVRFXRFCSLU-UHFFFAOYSA-N,COC(COc1nnc2cncc(Oc3ccc(C(F)(F)F)cc3)n12)c1ccccc1
RKMVBORGVQLVOD-UHFFFAOYSA-N,OC1(COc2cncc3nnc(-c4ccc(OC(F)F)cc4)n23)CCc2cc(F)c(F)cc21
RDZSFTMTRLJJOZ-UHFFFAOYSA-N,Cc1cc2ccc(-c3nnc4cncc(OCCc5cccc(F)c5)n34)cc2o1
ZFCKLBVOZVZRQA-UHFFFAOYSA-N,O=C1c2cc(C(F)(F)F)ccc2CN1c1cncc2nnc(-c3ccc(OC(F)F)cc3)n12
YGERQHOZNPSWLH-UHFFFAOYSA-N,O=C(COc1cncc2nnc(-c3ccc(OC(F)F)cc3)n12)NC1CCc2cc(Cl)ccc21
YYOVOIUBJLRHOX-UHFFFAOYSA-N,Fc1ccc(COc2cncc3nnc(N4Cc5ccc(Cl)cc5C4)n23)cc1F
NXZYPSPBHHXXIO-UHFFFAOYSA-N,O=C(Nc1ccc2c(c1)COC(F)(F)O2)c1cncc2nnc(-c3ccc(OC(F)F)cc3)n12
SAONJEDUTMUFKT-UHFFFAOYSA-N,O=C(COc1cncc2nnc(-c3ccc(OC(F)F)cc3)n12)NCc1ccc2ccccc2c1
ISNVGUPFDWBHQQ-UHFFFAOYSA-N,O=C(c1cccc(F)c1Cl)N1CCc2ncc3nnc(-c4ccc(OC(F)F)cc4)n3c2C1
FKYYIOMQHVCLNM-UHFFFAOYSA-N,Fc1ccc(COc2cncc3nnc(-c4ccc5[nH]c(C(F)(F)F)cc5n4)n23)cc1F
KSYCJTUPYOBXAC-UHFFFAOYSA-N,O=C(c1cncc2nnc(-c3ccc(OC(F)F)cc3)n12)N1CCc2cncc(C(F)(F)F)c2C1
DQOAONYPAFIQHT-UHFFFAOYSA-N,O=C(NC1Cc2ccccc2C1)c1cncc2nnc(-c3ccc(OC(F)F)c(Cl)c3)n12
GRJUKYUYACAQDI-UHFFFAOYSA-N,FC(F)Oc1ccc(-c2nnc3cncc(OCCn4ccc5ccccc54)n23)cc1
RTFMYRFDVXXVKR-UHFFFAOYSA-N,FC(F)Oc1ccc(-c2nnc3cncc(CCOc4cccc5cnccc45)n23)cc1
XVZLKWVEUPCISF-UHFFFAOYSA-N,FC(F)Oc1ccc(-c2nnc3cncc(Nc4ccnc(C(F)(F)F)c4)n23)cc1
NCZYYPWWZKTZQE-UHFFFAOYSA-N,Fc1ccc2c(c1)CC(Oc1cncc3nnc(-c4ccc(OC(F)F)cc4)n13)C2
WTQUPRNKYZBYLY-UHFFFAOYSA-N,OCC(COc1cncc2nnc(Oc3ccc(C(F)(F)F)nc3)n12)c1ccccc1F
PNRCWSCIDZEJCM-UHFFFAOYSA-N,FC(F)Oc1ccc(-c2nnc3cncc(OC4CCOC4c4ccccc4)n23)cc1
KXCVASQZRASMEJ-UHFFFAOYSA-N,O=C(NCC1(c2ccc(F)c(F)c2)OCCO1)c1cncc2nnc(-c3ccc(OC(F)F)cc3)n12
PENQLESDIZJSPR-UHFFFAOYSA-N,Fc1cc2c(cc1F)C(COc1cncc3nnc(-c4ccc(OC(F)F)cc4)n13)C2
OFGXSLAPWCVWSJ-UHFFFAOYSA-N,Cn1ccc2cc(CCOc3cncc4nnc(-c5ccc(OC(F)F)cc5)n34)cc(F)c21
UBTTZXMRXVDQDY-UHFFFAOYSA-N,FC(F)Oc1ccc(-c2nnc3cncc(COc4ccnc(C(F)(F)F)c4)n23)cc1
QRZOVJOEQQGBPE-UHFFFAOYSA-N,FC(F)Oc1ccc(-c2nnc3cncc(CCOc4cccc(C(F)(F)F)n4)n23)cc1
YMNLLUJDURGLFY-UHFFFAOYSA-N,O=C(COc1cncc2nnc(-c3ccc(OC(F)F)cc3)n12)N1Cc2cccc(Cl)c2C1
MWGSKGAMHCSBKL-UHFFFAOYSA-N,Fc1ccc(CCOc2cncc3nnc(-c4ccc(C(F)(F)F)cn4)n23)cc1F
NOGYHYWDWQDOKD-UHFFFAOYSA-N,O=C(c1ccc(F)c(F)c1)N1CC(Oc2cncc3nnc(-c4ccc(OC(F)F)c(F)c4)n23)C1
UCTASMDUBZYOHN-UHFFFAOYSA-N,OC1(c2ccccc2F)CCN(c2cncc3nnc(-c4ccc(OC(F)(F)F)cc4)n23)C1
VOXSIFVLIAZELH-UHFFFAOYSA-N,Fc1cccc(COCCOc2cncc3nnc(-c4ccc(OC(F)F)cc4)n23)c1
IJKWQNWIHTWWGX-UHFFFAOYSA-N,COc1ccc2c(c1)C=C(COc1cncc3nnc(-c4ccc(OC(F)F)cc4)n13)CC2
GEKOSGAVJFYHJP-UHFFFAOYSA-N,Cc1cncc2nnc(-c3ccc(OC(F)F)cc3Oc3ccc(F)c(F)c3)n12
KESNRMQFFZRNJH-UHFFFAOYSA-N,FC(F)Oc1ccc(-c2nnc3cncc(OCC4OCOc5ccccc54)n23)cc1
DBHDRAZFKJUPJJ-UHFFFAOYSA-N,COc1c(OCc2cccc3occc23)ncc2nnc(-c3ccc(OC(F)F)cc3)n12
LQQGCTGOMQHUHC-UHFFFAOYSA-N,Fc1ccc(CCOc2cncc3nnc(-c4ccc(C(F)(F)F)[nH]4)n23)cc1F
GYLYNXNFHHRJOO-UHFFFAOYSA-N,COC(CO)(c1ccc(F)c(F)c1)c1cncc2nnc(-c3ccc(OC(F)F)cc3)n12
QVPCIMQBHFJZEM-UHFFFAOYSA-N,Fc1ccc(-c2nnc3cncc(OCCNC4CCC(c5ccccc5)CC4)n23)cc1F
VSQZPGBFBWPMFR-UHFFFAOYSA-N,OCC(Oc1cncc2nnc(-c3ccc(OC(F)F)cc3)n12)c1ccc2[nH]ccc2c1
UVSZQAMVVJXAKO-UHFFFAOYSA-N,FC(F)Oc1ccc(-c2nnc3cncc(N4Cc5ccc(C(F)(F)F)cc5C4)n23)cc1
OEZBQXNMTQGKMX-UHFFFAOYSA-N,COCCOc1ccc(F)c(Nc2cncc3nnc(-c4ccc(OC(F)F)cc4)n23)c1
RBXBNNUNRVZGHL-UHFFFAOYSA-N,Fc1ccc(CCOc2cncc3nnc(Nc4cc(OC(F)F)ccc4F)n23)cc1F
NHGPGKWZXWQABK-UHFFFAOYSA-N,FC(F)Oc1ccc(-c2nnc3cncc(Oc4ccc5c(c4)OCO5)n23)c(Cl)c1
YNTJXDBSLNNOPA-UHFFFAOYSA-N,OCC(COc1cncc2nnc(-c3ccnc(C(F)(F)F)c3)n12)c1ccc(F)c(F)c1
JREMDPMKCGBDGJ-UHFFFAOYSA-N,Fc1ccc(COCCOc2cncc3nnc(-c4cc5cc(Cl)ccc5[nH]4)n23)cc1F
LNIOQXABRVSYEN-UHFFFAOYSA-N,O=C(Nc1ccc2c(c1)OC(F)OC2)c1cncc2nnc(-c3ccc(OC(F)F)cc3)n12
UWTHSNYRADOUER-UHFFFAOYSA-N,FC(F)Oc1cccc(Oc2cncc3nnc(CC4COc5cc(Cl)ccc5C4)n23)c1
CYQLXVPPZWLVFP-UHFFFAOYSA-N,FC(F)Oc1ccc(-c2nnc3cncc(OCC4COc5cccc(C(F)(F)F)c54)n23)cc1
JFRQTIWXODEBDT-UHFFFAOYSA-N,N#Cc1ccc(-c2nnc3cncc(OCCSCc4ccc(F)c(F)c4)n23)cc1
RSEGURSRRJDXNS-UHFFFAOYSA-N,O=C(NCc1cncc2nnc(-c3ccc(OC(F)F)cc3)n12)Nc1cccc(C(F)(F)F)c1
NXCRURMRROLBEU-UHFFFAOYSA-N,N#Cc1cc(C(=O)N(c2cncc3nnc(-c4ccc(C(F)(F)F)cc4)n23)C2CC2)ccc1F
ZDDCHAICJKLEDC-UHFFFAOYSA-N,FC(F)(F)c1ccc(-c2nnc3cncc(OCCc4ccc5ccccc5n4)n23)cc1
IFDYFDQAGRIADO-UHFFFAOYSA-N,FC1(F)CCc2cc(CCOc3cncc4nnc(-c5ccc(Cl)cc5)n34)ccc2O1
QSLVJBJOYRXUGQ-UHFFFAOYSA-N,Fc1cccc(OC(F)COc2cncc3nnc(-c4ccc(OC(F)F)cc4)n23)c1
GTSACQXPQAJVMQ-UHFFFAOYSA-N,OCC(COc1cncc2nnc(-c3cnc(C(F)(F)F)c4ccccc34)n12)c1ccccc1
CAGGEIBFEUYVLT-UHFFFAOYSA-N,CC1(C)OCC1(c1ccccc1)c1cncc2nnc(-c3ccc(OC(F)F)cc3)n12
DHWTXLRVABTKLD-UHFFFAOYSA-N,OCC(Nc1ccc(Cl)cc1F)c1cncc2nnc(-c3ccc(OC(F)F)cc3)n12
ATCZTTJFRGTUTI-UHFFFAOYSA-N,Fc1cc(-c2nnc3cncc(-c4ccc(OC(F)F)cc4)n23)ccc1OC(F)F
OERKSSQWJYCZEZ-UHFFFAOYSA-N,FC(F)Oc1ccc(-c2nnc3cncc(OCC4COCN4Cc4ccccc4)n23)cc1
OMVWGKXRJBLLNL-UHFFFAOYSA-N,COc1cncc2nnc(COC(c3ccccc3)c3ccc(C(F)(F)F)cc3)n12
NHNQCGLGTCMWID-UHFFFAOYSA-N,OCC(COc1cncc2nnc(-c3ccc(F)cc3)n12)(c1ccccc1)c1ccc(F)c(F)c1
DRJNFDSDVPMXSD-UHFFFAOYSA-N,OC(COc1cncc2nnc(-c3ccc(OC(F)F)cc3)n12)C1Cc2ccccc2O1
GPKCIFXTCIWBDV-UHFFFAOYSA-N,OCC(Cc1cccc(C(F)(F)F)c1)Nc1cncc2nnc(-c3ccc(OC(F)F)cc3)n12
KYZRTTPZEJWHAF-UHFFFAOYSA-N,CC(Oc1cncc2nnc(-c3ccc(OC(F)F)cc3)n12)C(c1ccccc1)N1CCOC1
CCEHAWZEJHEHKW-UHFFFAOYSA-N,FC(F)Oc1ccc(CCOc2cncc3nnc(-c4c[nH]c(C(F)(F)F)c4)n23)cc1
DKWBNXGBJQWYLI-UHFFFAOYSA-N,CC(C)(C(=O)OCc1cncc2nnc(-c3ccc(OC(F)F)cc3)n12)c1ccccc1
UDJAVLABIWGMCV-UHFFFAOYSA-N,OCC(c1ccc(C(F)(F)F)cc1)c1nnc2cncc(Oc3ccc(F)c(F)c3)n12
YHRGNWLUSJGMHH-UHFFFAOYSA-N,Fc1cc2c(cc1F)CN(Cc1cncc3nnc(-c4ccc(OC(F)F)cc4)n13)CC2
PYCBCUMPQODWCB-UHFFFAOYSA-N,O=C(Nc1cc(-c2nnc3cncc(OC(F)F)n23)ccc1Cl)c1cccc(OC(F)F)c1
XTMLFNBIGBGANF-UHFFFAOYSA-N,CC1(C)OCc2c(COc3cncc4nnc(-c5ccc(OC(F)F)cc5)n34)cccc21
JXBDSBQOJOOMJL-UHFFFAOYSA-N,FC(F)Oc1ccc(-c2nnc3cncc(Oc4ccc5c(c4)COCO5)n23)cc1
HYWOLEDCPGNXAJ-UHFFFAOYSA-N,FC(F)(F)c1nnc2cncc(OCCc3cccc(OCc4ccccc4)c3)n12
XVOVAVIACDNKFU-UHFFFAOYSA-N,Fc1cc2c(cc1CCOc1cncc3nnc(-c4ccc(OC(F)F)cc4)n13)OCO2
UHGXYYQLHJJJDF-UHFFFAOYSA-N,FC(F)Oc1ccc(-c2nnc3cncc(Oc4cccc5c4OCO5)n23)cc1
UEWGEXNVVNXPDO-UHFFFAOYSA-N,O=C(NCc1cc(F)c(F)cc1F)c1nnc2cncc(OCc3ccc(F)c(F)c3)n12
LGGRUYGYKMPOOW-UHFFFAOYSA-N,OCC(COc1cncc2nnc(Oc3ccc(C(F)(F)F)cc3)n12)c1ccc(F)c(F)c1
VLQDONWNVBKKHD-UHFFFAOYSA-N,O=C(NC1CCc2ccc(Cl)cc21)c1cncc2nnc(Oc3ccc(C(F)F)cc3)n12
UXVRQKKFRHKFAG-UHFFFAOYSA-N,O=C(Nc1cncc2nnc(-c3ccc(OC(F)F)cc3)n12)OCc1ccc(Cl)c(F)c1
AYIPXFSURHJOAT-UHFFFAOYSA-N,COC(COc1cncc2nnc(-c3ccc4cc[nH]c4c3)n12)c1cccc(F)c1
UWJZMEKZTOKRNQ-UHFFFAOYSA-N,O=C(NC(CO)c1cncc2nnc(-c3ccc(OC(F)F)cc3)n12)c1ccc(F)c(Cl)c1
PVMMXUYXWMQALG-UHFFFAOYSA-N,O=C(NC(CO)c1cncc2nnc(-c3ccc(OC(F)F)cc3)n12)OCc1ccc(F)cc1
ZNFMXIHTWARKNM-UHFFFAOYSA-N,Cc1noc2cc(-c3nnc4cncc(OCc5ccc(F)c(F)c5)n34)ccc12
ROHWLSMPNWYBFQ-UHFFFAOYSA-N,FC(F)Oc1ccc(-c2nnc3cncc(OC4COCCC4c4ccccc4)n23)cc1
GLHHIWSWLJVACE-UHFFFAOYSA-N,COc1cccc(CCCc2cncc3nnc(-c4cncc(OC(F)F)c4)n23)c1
BQEWQNYBORKIED-UHFFFAOYSA-N,O=C(OCc1cccc(F)c1)c1cncc2nnc(-c3ccc(OC(F)F)cc3)n12
KFDCSXNGSKLICW-UHFFFAOYSA-N,O=C(NCc1ccc(F)c(F)c1)c1cncc2nnc(Oc3ccc(C(F)(F)F)cc3)n12
AIAJTZQRNMFLAP-UHFFFAOYSA-N,OCC(COc1cncc2nnc(-c3ccc4nc(C(F)(F)F)ccc4c3)n12)c1ccccc1
SJVCDUYDBQLPIJ-UHFFFAOYSA-N,Cc1cc(F)ccc1NC(=O)c1cncc2nnc(-c3cccc(OC(F)F)c3)n12
YMYLDBYQPNSCCX-UHFFFAOYSA-N,FC(F)Oc1ccc([C]CCOc2cncc3nnc(-c4ccc5cc[nH]c5c4)n23)cc1
RNUHIMSDHCMTPU-UHFFFAOYSA-N,Fc1ccc(CC2CN(c3cncc4nnc(-c5ccc(OC(F)F)cc5)n34)C2)cc1F
PTDCZPJLHHYVFA-UHFFFAOYSA-N,Fc1cc(-c2nnc3cncc(OC4CN(Cc5cccc(F)c5Cl)C4)n23)ccc1OC(F)F
CLPAHJUFDMBKMT-UHFFFAOYSA-N,Cc1ccc2cccc(COc3cncc4nnc(-c5ccc(OC(F)F)cc5)n34)c2n1
WBHQFFMOCUXRKE-UHFFFAOYSA-N,CN1CC1(COc1cncc2nnc(-c3ccc(OC(F)F)cc3)n12)c1ccc(Cl)cc1
WEVFDHKYRUXROE-UHFFFAOYSA-N,FC(F)Oc1ccc(C#Cc2nnc3cncc(OCCc4cccc(Cl)c4)n23)cc1
QUCWCJDRXXIWSD-UHFFFAOYSA-N,FC(F)Oc1ccc(-c2nnc3cncc(OC4Cc5cc(Cl)ccc54)n23)cc1
HSTZAPIGVBZQCF-UHFFFAOYSA-N,Cc1ccc2c(COc3cncc4nnc(-c5ccc(OC(F)F)cc5)n34)cccc2n1
DUOPKJCFLXVTEX-UHFFFAOYSA-N,OCC(NCCc1ccc(F)c(F)c1)c1cncc2nnc(-c3ccc(OC(F)F)cc3)n12
PNOJIRLHGMWWKM-UHFFFAOYSA-N,Fc1ccc2c(c1)CC(COc1cncc3nnc(-c4ccc(OC(F)F)cc4)n13)CC2
HMIDZVMFMOTITC-UHFFFAOYSA-N,Cc1cc(C(=O)N(C)c2cncc3nnc(-c4ccc(OC(F)(F)F)cc4)n23)c(C)n1C(F)F
GZVYNCWLRWGHLX-UHFFFAOYSA-N,CC(C)(C(=O)Nc1cncc2nnc(-c3ccc(OC(F)F)cc3)n12)c1ccc(F)c(F)c1
UGJCEKLSEBXTAL-UHFFFAOYSA-N,Fc1ccc(C2CN(Cc3cncc4nnc(-c5ccc(OC(F)F)cc5)n34)C2)cc1F
MCBDKZIFRPPVPJ-UHFFFAOYSA-N,Fc1ccc(CC2CN(Cc3cncc4nnc(-c5ccc(OC(F)F)cc5)n34)C2)cc1F
GJIXEEOFNQYYFV-UHFFFAOYSA-N,Fc1ccc(OCCc2cncc3nnc(-c4ccc(OC(F)F)cc4)n23)cc1F
DFJKWUPKWUVQQV-UHFFFAOYSA-N,Cc1cc(C(COc2cncc3nnc(-c4ccc(OC(F)F)cc4)n23)c2ccccc2)[nH]n1
GGKCKKCFLZHWNL-UHFFFAOYSA-N,Fc1ccc(CCOc2cncc3nnc(COc4ccccc4OC(F)F)n23)cc1F
RBBOHQKGMICRIO-UHFFFAOYSA-N,Oc1ccc(-c2nnc3cncc(OC(F)F)n23)c(OCCc2ccccc2)c1
FQDKQWIGKZPUIU-UHFFFAOYSA-N,OC(COCc1ccc2ccccc2c1)COc1cncc2nnc(-c3ccc(F)cc3)n12
REMKIDCFSCTKEK-UHFFFAOYSA-N,OC(COc1cncc2nnc(OCCc3ccccc3)n12)c1ccc(F)c(F)c1
ZQFRUMGBZWARJF-UHFFFAOYSA-N,O=C(Cc1ccc(Cl)cc1Cl)Oc1cncc2nnc(-c3ccc(OC(F)F)cc3)n12
OQZHWOIBVNXOEZ-UHFFFAOYSA-N,CCc1cncc2nnc(-c3ccc(OCCc4ccc(F)c(F)c4)cc3)n12
DSUMGMLYPSJKDQ-UHFFFAOYSA-N,FC(F)Oc1ccc(-c2nnc3cncc(-c4cncc(C(F)(F)F)c4)n23)cc1
XENDFIMWNVIBJV-UHFFFAOYSA-N,O=C(NCCOc1cccc(F)c1)c1cncc2nnc(-c3ccc(OC(F)F)cc3)n12
FDZORDSJIXODNQ-UHFFFAOYSA-N,COc1ccc(-c2nnc3cncc(OCC(O)c4ccc5cc(F)c(F)cc5c4)n23)cc1
RVLWBHXKNHBIEN-UHFFFAOYSA-N,Cc1ccc(-c2nnc3cncc(NCCOc4cccc(F)c4F)n23)cc1F
XLBDMEVOSGSVAV-UHFFFAOYSA-N,O=C(COc1cncc2nnc(-c3cncc(Cl)c3)n12)c1cccc(OC(F)F)c1
LVCDLPRKGBMAKY-UHFFFAOYSA-N,Fc1ccc(CCOc2cncc3nnc(N4Cc5cc(F)c(F)cc54)n23)cc1F
XZKBVHUWXKIWLN-UHFFFAOYSA-N,FC(F)Oc1ccc(-c2nnc3cncc(OC4COCC(OCCc5ccccc5)C4)n23)cc1
KINQDIHSTXTJPJ-UHFFFAOYSA-N,Fc1ccc(CCOc2cncc3nnc(-c4ccc(OC(F)F)cc4)n23)c2ccncc12
QVXMEKJZHWMUID-UHFFFAOYSA-N,O=C(c1cncc2nnc(-c3ccc(OC(F)F)cc3)n12)N1CCC(F)(c2ccc(F)c(F)c2)C1
ZUFCRIQZARRYMF-UHFFFAOYSA-N,FC(F)Oc1ccc(-c2nnc3cncc(OCC(OC4CC4)c4ccccc4)n23)cc1
XDXHGCYWYLTVMY-UHFFFAOYSA-N,O=C(Nc1ccc(-c2nnc3cncc(C(F)(F)F)n23)cc1)c1ccc(OC(F)F)cc1
CXIPLZNRGPAKHS-UHFFFAOYSA-N,CC(NC(=O)c1cncc2nnc(-c3ccc(OC(F)(F)F)cc3)n12)c1ccc(F)cc1Cl
NVURWWHMEANHBE-UHFFFAOYSA-N,FC(F)Oc1ccc(-c2nnc3cncc(OC4CN(C5Cc6ccc(Cl)cc65)C4)n23)cc1
KVFIXDHHGGETPI-UHFFFAOYSA-N,FC(F)Oc1ccc(-c2nnc3cncc(CN4COC(c5ccccc5)C4)n23)cc1
TYFYIQQLQSYMLN-UHFFFAOYSA-N,FC(F)Oc1ccc(-c2nnc3cncc(OCC4=Cc5cc(Cl)ccc5OC4)n23)cc1
NPDRDXUMBNUYMR-UHFFFAOYSA-N,CC1(C)C=Cc2cc(-c3nnc4cncc(OCCc5ccc(F)c(F)c5)n34)ccc2O1
OPEVUDIGUZRRRI-UHFFFAOYSA-N,O=C(NC1COc2cc(Cl)ccc21)c1cncc2nnc(-c3ccc(OC(F)F)cc3)n12
HFGAMTPHCSECJY-UHFFFAOYSA-N,O=C(COc1cncc2nnc(-c3ccc(OC(F)F)cc3)n12)NC1C=Cc2c1ccc(F)c2F
WQOKVHXGGKXYFS-UHFFFAOYSA-N,COc1ccc2c(c1)CCOC2COc1cncc2nnc(-c3ccc(OC(F)F)cc3)n12
DULIRKNOHUMUPM-UHFFFAOYSA-N,OC(COc1cncc2nnc(CCc3ccc(F)c(F)c3)n12)c1cccc(C(F)(F)F)c1
AGQIITIUEXVGBY-UHFFFAOYSA-N,O=C(CCOc1cncc2nnc(-c3ccc(OC(F)F)cc3)n12)Nc1ccc(F)c(F)c1
TUWZZMNZZKKBQS-UHFFFAOYSA-N,Cn1c(CCOc2cncc3nnc(-c4ccc(OC(F)F)cc4)n23)cc2ccc(F)cc21
BLJGNCKWWGBCTC-UHFFFAOYSA-N,O=C(NC(Cc1cccc(F)c1)C1CC1)c1cncc2nnc(-c3ccc(OC(F)F)cc3)n12
UWGJDGRFWIJDHM-UHFFFAOYSA-N,COC(COc1cncc2nnc(-c3ccc(F)c(F)c3)n12)c1ccc(OC(F)F)cc1
UZBQVICNOQSNFR-UHFFFAOYSA-N,Fc1cccc(CN2CCC2c2cncc3nnc(-c4ccc(OC(F)F)cc4)n23)c1F
AOYHHQDTFXBFQK-UHFFFAOYSA-N,O=C(Nc1ccn(C(F)F)c1)c1cncc2nnc(-c3ccc(OC(F)F)cc3)n12
AJTNJHCZNRBWKY-UHFFFAOYSA-N,OCC(COc1cncc2nnc(-c3csc4ccc(F)cc34)n12)c1ccccc1
DRZFHEORIOCCIY-UHFFFAOYSA-N,CC(COc1cncc2nnc(-c3ccc(OC(F)F)cc3)n12)c1ccc[nH]1
BNZDVCFJFLITPJ-UHFFFAOYSA-N,N#Cc1ccc(Oc2cncc3nnc(-c4ccc(OC(F)F)cc4)n23)c(OC(F)F)c1
JXJWVXONTQIJGI-UHFFFAOYSA-N,O=C(NCc1cc(C(F)(F)F)ccn1)c1cncc2nnc(-c3ccc(OC(F)F)cc3)n12
LGMRIEOIGLSPCY-UHFFFAOYSA-N,Fc1ccc(CN2CC(c3cncc4nnc(-c5ccc(OC(F)F)cc5)n34)C2)cc1F
